note_id,person_id
note_1.txt,person_1
note_2.txt,person_2
note_3.txt,person_3
note_4.txt,person_4
note_5.txt,person_5
note_6.txt,person_6
note_7.txt,person_7
note_8.txt,person_8
note_9.txt,person_9
note_10.txt,person_10
note_11.txt,person_11
note_12.txt,person_12
note_13.txt,person_13
note_14.txt,person_14
note_15.txt,person_15
note_16.txt,person_16
note_17.txt,person_17
note_18.txt,person_18
note_19.txt,person_19
note_20.txt,person_20
note_21.txt,person_21
note_22.txt,person_22
note_23.txt,person_23
note_24.txt,person_24
note_25.txt,person_25
note_26.txt,person_26
note_27.txt,person_27
note_28.txt,person_28
note_29.txt,person_29
note_30.txt,person_30
note_31.txt,person_31
note_32.txt,person_32
note_33.txt,person_33
note_34.txt,person_34
note_35.txt,person_35
note_36.txt,person_36
note_37.txt,person_37
note_38.txt,person_38
note_39.txt,person_39
note_40.txt,person_40
note_41.txt,person_41
note_42.txt,person_42
note_43.txt,person_43
note_44.txt,person_44
note_45.txt,person_45
note_46.txt,person_46
note_47.txt,person_47
note_48.txt,person_48
note_49.txt,person_49
note_50.txt,person_50
note_51.txt,person_51
note_52.txt,person_52
note_53.txt,person_53
note_54.txt,person_54
note_55.txt,person_55
note_56.txt,person_56
note_57.txt,person_57
note_58.txt,person_58
note_59.txt,person_59
note_60.txt,person_60
note_61.txt,person_61
note_62.txt,person_62
note_63.txt,person_63
note_64.txt,person_64
note_65.txt,person_65
note_66.txt,person_66
note_67.txt,person_67
note_68.txt,person_68
note_69.txt,person_69
note_70.txt,person_70
note_71.txt,person_71
note_72.txt,person_72
note_73.txt,person_73
note_74.txt,person_74
note_75.txt,person_75
note_76.txt,person_76
note_77.txt,person_77
note_78.txt,person_78
note_79.txt,person_79
note_80.txt,person_80
note_81.txt,person_81
note_82.txt,person_82
note_83.txt,person_83
note_84.txt,person_84
note_85.txt,person_85
note_86.txt,person_86
note_87.txt,person_87
note_88.txt,person_88
note_89.txt,person_89
note_90.txt,person_90
note_91.txt,person_91
note_92.txt,person_92
note_93.txt,person_93
note_94.txt,person_94
note_95.txt,person_95
note_96.txt,person_96
note_97.txt,person_97
note_98.txt,person_98
note_99.txt,person_99
note_100.txt,person_100
note_101.txt,person_101
note_102.txt,person_102
note_103.txt,person_103
note_104.txt,person_104
note_105.txt,person_105
note_106.txt,person_106
note_107.txt,person_107
note_108.txt,person_108
note_109.txt,person_109
note_110.txt,person_110
note_111.txt,person_111
note_112.txt,person_112
note_113.txt,person_113
note_114.txt,person_114
note_115.txt,person_115
note_116.txt,person_116
note_117.txt,person_117
note_118.txt,person_118
note_119.txt,person_119
note_120.txt,person_120
note_121.txt,person_121
note_122.txt,person_122
note_123.txt,person_123
note_124.txt,person_124
note_125.txt,person_125
note_126.txt,person_126
note_127.txt,person_127
note_128.txt,person_128
note_129.txt,person_129
note_130.txt,person_130
note_131.txt,person_131
note_132.txt,person_132
note_133.txt,person_133
note_134.txt,person_134
note_135.txt,person_135
note_136.txt,person_136
note_137.txt,person_137
note_138.txt,person_138
note_139.txt,person_139
note_140.txt,person_140
note_141.txt,person_141
note_142.txt,person_142
note_143.txt,person_143
note_144.txt,person_144
note_145.txt,person_145
note_146.txt,person_146
note_147.txt,person_147
note_148.txt,person_148
note_149.txt,person_149
note_150.txt,person_150
note_151.txt,person_151
note_152.txt,person_152
note_153.txt,person_153
note_154.txt,person_154
note_155.txt,person_155
note_156.txt,person_156
note_157.txt,person_157
note_158.txt,person_158
note_159.txt,person_159
note_160.txt,person_160
note_161.txt,person_161
note_162.txt,person_162
note_163.txt,person_163
note_164.txt,person_164
note_165.txt,person_165
note_166.txt,person_166
note_167.txt,person_167
note_168.txt,person_168
note_169.txt,person_169
note_170.txt,person_170
note_171.txt,person_171
note_172.txt,person_172
note_173.txt,person_173
note_174.txt,person_174
note_175.txt,person_175
note_176.txt,person_176
note_177.txt,person_177
note_178.txt,person_178
note_179.txt,person_179
note_180.txt,person_180
note_181.txt,person_181
note_182.txt,person_182
note_183.txt,person_183
note_184.txt,person_184
note_185.txt,person_185
note_186.txt,person_186
note_187.txt,person_187
note_188.txt,person_188
note_189.txt,person_189
note_190.txt,person_190
note_191.txt,person_191
note_192.txt,person_192
note_193.txt,person_193
note_194.txt,person_194
note_195.txt,person_195
note_196.txt,person_196
note_197.txt,person_197
note_198.txt,person_198
note_199.txt,person_199
note_200.txt,person_200
note_201.txt,person_201
note_202.txt,person_202
note_203.txt,person_203
note_204.txt,person_204
note_205.txt,person_205
note_206.txt,person_206
note_207.txt,person_207
note_208.txt,person_208
note_209.txt,person_209
note_210.txt,person_210
note_211.txt,person_211
note_212.txt,person_212
note_213.txt,person_213
note_214.txt,person_214
note_215.txt,person_215
note_216.txt,person_216
note_217.txt,person_217
note_218.txt,person_218
note_219.txt,person_219
note_220.txt,person_220
note_221.txt,person_221
note_222.txt,person_222
note_223.txt,person_223
note_224.txt,person_224
note_225.txt,person_225
note_226.txt,person_226
note_227.txt,person_227
note_228.txt,person_228
note_229.txt,person_229
note_230.txt,person_230
note_231.txt,person_231
note_232.txt,person_232
note_233.txt,person_233
note_234.txt,person_234
note_235.txt,person_235
note_236.txt,person_236
note_237.txt,person_237
note_238.txt,person_238
note_239.txt,person_239
note_240.txt,person_240
note_241.txt,person_241
note_242.txt,person_242
note_243.txt,person_243
note_244.txt,person_244
note_245.txt,person_245
note_246.txt,person_246
note_247.txt,person_247
note_248.txt,person_248
note_249.txt,person_249
note_250.txt,person_250
note_251.txt,person_251
note_252.txt,person_252
note_253.txt,person_253
note_254.txt,person_254
note_255.txt,person_255
note_256.txt,person_256
note_257.txt,person_257
note_258.txt,person_258
note_259.txt,person_259
note_260.txt,person_260
note_261.txt,person_261
note_262.txt,person_262
note_263.txt,person_263
note_264.txt,person_264
note_265.txt,person_265
note_266.txt,person_266
note_267.txt,person_267
note_268.txt,person_268
note_269.txt,person_269
note_270.txt,person_270
note_271.txt,person_271
note_272.txt,person_272
note_273.txt,person_273
note_274.txt,person_274
note_275.txt,person_275
note_276.txt,person_276
note_277.txt,person_277
note_278.txt,person_278
note_279.txt,person_279
note_280.txt,person_280
note_281.txt,person_281
note_282.txt,person_282
note_283.txt,person_283
note_284.txt,person_284
note_285.txt,person_285
note_286.txt,person_286
note_287.txt,person_287
note_288.txt,person_288
note_289.txt,person_289
note_290.txt,person_290
note_291.txt,person_291
note_292.txt,person_292
note_293.txt,person_293
note_294.txt,person_294
note_295.txt,person_295
note_296.txt,person_296
note_297.txt,person_297
note_298.txt,person_298
note_299.txt,person_299
note_300.txt,person_300
note_301.txt,person_301
note_302.txt,person_302
note_303.txt,person_303
note_304.txt,person_304
note_305.txt,person_305
note_306.txt,person_306
note_307.txt,person_307
note_308.txt,person_308
note_309.txt,person_309
note_310.txt,person_310
note_311.txt,person_311
note_312.txt,person_312
note_313.txt,person_313
note_314.txt,person_314
note_315.txt,person_315
note_316.txt,person_316
note_317.txt,person_317
note_318.txt,person_318
note_319.txt,person_319
note_320.txt,person_320
note_321.txt,person_321
note_322.txt,person_322
note_323.txt,person_323
note_324.txt,person_324
note_325.txt,person_325
note_326.txt,person_326
note_327.txt,person_327
note_328.txt,person_328
note_329.txt,person_329
note_330.txt,person_330
note_331.txt,person_331
note_332.txt,person_332
note_333.txt,person_333
note_334.txt,person_334
note_335.txt,person_335
note_336.txt,person_336
note_337.txt,person_337
note_338.txt,person_338
note_339.txt,person_339
note_340.txt,person_340
note_341.txt,person_341
note_342.txt,person_342
note_343.txt,person_343
note_344.txt,person_344
note_345.txt,person_345
note_346.txt,person_346
note_347.txt,person_347
note_348.txt,person_348
note_349.txt,person_349
note_350.txt,person_350
note_351.txt,person_351
note_352.txt,person_352
note_353.txt,person_353
note_354.txt,person_354
note_355.txt,person_355
note_356.txt,person_356
note_357.txt,person_357
note_358.txt,person_358
note_359.txt,person_359
note_360.txt,person_360
note_361.txt,person_361
note_362.txt,person_362
note_363.txt,person_363
note_364.txt,person_364
note_365.txt,person_365
note_366.txt,person_366
note_367.txt,person_367
note_368.txt,person_368
note_369.txt,person_369
note_370.txt,person_370
note_371.txt,person_371
note_372.txt,person_372
note_373.txt,person_373
note_374.txt,person_374
note_375.txt,person_375
note_376.txt,person_376
note_377.txt,person_377
note_378.txt,person_378
note_379.txt,person_379
note_380.txt,person_380
note_381.txt,person_381
note_382.txt,person_382
note_383.txt,person_383
note_384.txt,person_384
note_385.txt,person_385
note_386.txt,person_386
note_387.txt,person_387
note_388.txt,person_388
note_389.txt,person_389
note_390.txt,person_390
note_391.txt,person_391
note_392.txt,person_392
note_393.txt,person_393
note_394.txt,person_394
note_395.txt,person_395
note_396.txt,person_396
note_397.txt,person_397
note_398.txt,person_398
note_399.txt,person_399
note_400.txt,person_400
note_401.txt,person_401
note_402.txt,person_402
note_403.txt,person_403
note_404.txt,person_404
note_405.txt,person_405
note_406.txt,person_406
note_407.txt,person_407
note_408.txt,person_408
note_409.txt,person_409
note_410.txt,person_410
note_411.txt,person_411
note_412.txt,person_412
note_413.txt,person_413
note_414.txt,person_414
note_415.txt,person_415
note_416.txt,person_416
note_417.txt,person_417
note_418.txt,person_418
note_419.txt,person_419
note_420.txt,person_420
note_421.txt,person_421
note_422.txt,person_422
note_423.txt,person_423
note_424.txt,person_424
note_425.txt,person_425
note_426.txt,person_426
note_427.txt,person_427
note_428.txt,person_428
note_429.txt,person_429
note_430.txt,person_430
note_431.txt,person_431
note_432.txt,person_432
note_433.txt,person_433
note_434.txt,person_434
note_435.txt,person_435
note_436.txt,person_436
note_437.txt,person_437
note_438.txt,person_438
note_439.txt,person_439
note_440.txt,person_440
note_441.txt,person_441
note_442.txt,person_442
note_443.txt,person_443
note_444.txt,person_444
note_445.txt,person_445
note_446.txt,person_446
note_447.txt,person_447
note_448.txt,person_448
note_449.txt,person_449
note_450.txt,person_450
note_451.txt,person_451
note_452.txt,person_452
note_453.txt,person_453
note_454.txt,person_454
note_455.txt,person_455
note_456.txt,person_456
note_457.txt,person_457
note_458.txt,person_458
note_459.txt,person_459
note_460.txt,person_460
note_461.txt,person_461
note_462.txt,person_462
note_463.txt,person_463
note_464.txt,person_464
note_465.txt,person_465
note_466.txt,person_466
note_467.txt,person_467
note_468.txt,person_468
note_469.txt,person_469
note_470.txt,person_470
note_471.txt,person_471
note_472.txt,person_472
note_473.txt,person_473
note_474.txt,person_474
note_475.txt,person_475
note_476.txt,person_476
note_477.txt,person_477
note_478.txt,person_478
note_479.txt,person_479
note_480.txt,person_480
note_481.txt,person_481
note_482.txt,person_482
note_483.txt,person_483
note_484.txt,person_484
note_485.txt,person_485
note_486.txt,person_486
note_487.txt,person_487
note_488.txt,person_488
note_489.txt,person_489
note_490.txt,person_490
note_491.txt,person_491
note_492.txt,person_492
note_493.txt,person_493
note_494.txt,person_494
note_495.txt,person_495
note_496.txt,person_496
note_497.txt,person_497
note_498.txt,person_498
note_499.txt,person_499
note_500.txt,person_500
note_501.txt,person_501
note_502.txt,person_502
note_503.txt,person_503
note_504.txt,person_504
note_505.txt,person_505
note_506.txt,person_506
note_507.txt,person_507
note_508.txt,person_508
note_509.txt,person_509
note_510.txt,person_510
note_511.txt,person_511
note_512.txt,person_512
note_513.txt,person_513
note_514.txt,person_514
note_515.txt,person_515
note_516.txt,person_516
note_517.txt,person_517
note_518.txt,person_518
note_519.txt,person_519
note_520.txt,person_520
note_521.txt,person_521
note_522.txt,person_522
note_523.txt,person_523
note_524.txt,person_524
note_525.txt,person_525
note_526.txt,person_526
note_527.txt,person_527
note_528.txt,person_528
note_529.txt,person_529
note_530.txt,person_530
note_531.txt,person_531
note_532.txt,person_532
note_533.txt,person_533
note_534.txt,person_534
note_535.txt,person_535
note_536.txt,person_536
note_537.txt,person_537
note_538.txt,person_538
note_539.txt,person_539
note_540.txt,person_540
note_541.txt,person_541
note_542.txt,person_542
note_543.txt,person_543
note_544.txt,person_544
note_545.txt,person_545
note_546.txt,person_546
note_547.txt,person_547
note_548.txt,person_548
note_549.txt,person_549
note_550.txt,person_550
note_551.txt,person_551
note_552.txt,person_552
note_553.txt,person_553
note_554.txt,person_554
note_555.txt,person_555
note_556.txt,person_556
note_557.txt,person_557
note_558.txt,person_558
note_559.txt,person_559
note_560.txt,person_560
note_561.txt,person_561
note_562.txt,person_562
note_563.txt,person_563
note_564.txt,person_564
note_565.txt,person_565
note_566.txt,person_566
note_567.txt,person_567
note_568.txt,person_568
note_569.txt,person_569
note_570.txt,person_570
note_571.txt,person_571
note_572.txt,person_572
note_573.txt,person_573
note_574.txt,person_574
note_575.txt,person_575
note_576.txt,person_576
note_577.txt,person_577
note_578.txt,person_578
note_579.txt,person_579
note_580.txt,person_580
note_581.txt,person_581
note_582.txt,person_582
note_583.txt,person_583
note_584.txt,person_584
note_585.txt,person_585
note_586.txt,person_586
note_587.txt,person_587
note_588.txt,person_588
note_589.txt,person_589
note_590.txt,person_590
note_591.txt,person_591
note_592.txt,person_592
note_593.txt,person_593
note_594.txt,person_594
note_595.txt,person_595
note_596.txt,person_596
note_597.txt,person_597
note_598.txt,person_598
note_599.txt,person_599
note_600.txt,person_600
note_601.txt,person_601
note_602.txt,person_602
note_603.txt,person_603
note_604.txt,person_604
note_605.txt,person_605
note_606.txt,person_606
note_607.txt,person_607
note_608.txt,person_608
note_609.txt,person_609
note_610.txt,person_610
note_611.txt,person_611
note_612.txt,person_612
note_613.txt,person_613
note_614.txt,person_614
note_615.txt,person_615
note_616.txt,person_616
note_617.txt,person_617
note_618.txt,person_618
note_619.txt,person_619
note_620.txt,person_620
note_621.txt,person_621
note_622.txt,person_622
note_623.txt,person_623
note_624.txt,person_624
note_625.txt,person_625
note_626.txt,person_626
note_627.txt,person_627
note_628.txt,person_628
note_629.txt,person_629
note_630.txt,person_630
note_631.txt,person_631
note_632.txt,person_632
note_633.txt,person_633
note_634.txt,person_634
note_635.txt,person_635
note_636.txt,person_636
note_637.txt,person_637
note_638.txt,person_638
note_639.txt,person_639
note_640.txt,person_640
note_641.txt,person_641
note_642.txt,person_642
note_643.txt,person_643
note_644.txt,person_644
note_645.txt,person_645
note_646.txt,person_646
note_647.txt,person_647
note_648.txt,person_648
note_649.txt,person_649
note_650.txt,person_650
note_651.txt,person_651
note_652.txt,person_652
note_653.txt,person_653
note_654.txt,person_654
note_655.txt,person_655
note_656.txt,person_656
note_657.txt,person_657
note_658.txt,person_658
note_659.txt,person_659
note_660.txt,person_660
note_661.txt,person_661
note_662.txt,person_662
note_663.txt,person_663
note_664.txt,person_664
note_665.txt,person_665
note_666.txt,person_666
note_667.txt,person_667
note_668.txt,person_668
note_669.txt,person_669
note_670.txt,person_670
note_671.txt,person_671
note_672.txt,person_672
note_673.txt,person_673
note_674.txt,person_674
note_675.txt,person_675
note_676.txt,person_676
note_677.txt,person_677
note_678.txt,person_678
note_679.txt,person_679
note_680.txt,person_680
note_681.txt,person_681
note_682.txt,person_682
note_683.txt,person_683
note_684.txt,person_684
note_685.txt,person_685
note_686.txt,person_686
note_687.txt,person_687
note_688.txt,person_688
note_689.txt,person_689
note_690.txt,person_690
note_691.txt,person_691
note_692.txt,person_692
note_693.txt,person_693
note_694.txt,person_694
note_695.txt,person_695
note_696.txt,person_696
note_697.txt,person_697
note_698.txt,person_698
note_699.txt,person_699
note_700.txt,person_700
note_701.txt,person_701
note_702.txt,person_702
note_703.txt,person_703
note_704.txt,person_704
note_705.txt,person_705
note_706.txt,person_706
note_707.txt,person_707
note_708.txt,person_708
note_709.txt,person_709
note_710.txt,person_710
note_711.txt,person_711
note_712.txt,person_712
note_713.txt,person_713
note_714.txt,person_714
note_715.txt,person_715
note_716.txt,person_716
note_717.txt,person_717
note_718.txt,person_718
note_719.txt,person_719
note_720.txt,person_720
note_721.txt,person_721
note_722.txt,person_722
note_723.txt,person_723
note_724.txt,person_724
note_725.txt,person_725
note_726.txt,person_726
note_727.txt,person_727
note_728.txt,person_728
note_729.txt,person_729
note_730.txt,person_730
note_731.txt,person_731
note_732.txt,person_732
note_733.txt,person_733
note_734.txt,person_734
note_735.txt,person_735
note_736.txt,person_736
note_737.txt,person_737
note_738.txt,person_738
note_739.txt,person_739
note_740.txt,person_740
note_741.txt,person_741
note_742.txt,person_742
note_743.txt,person_743
note_744.txt,person_744
note_745.txt,person_745
note_746.txt,person_746
note_747.txt,person_747
note_748.txt,person_748
note_749.txt,person_749
note_750.txt,person_750
note_751.txt,person_751
note_752.txt,person_752
note_753.txt,person_753
note_754.txt,person_754
note_755.txt,person_755
note_756.txt,person_756
note_757.txt,person_757
note_758.txt,person_758
note_759.txt,person_759
note_760.txt,person_760
note_761.txt,person_761
note_762.txt,person_762
note_763.txt,person_763
note_764.txt,person_764
note_765.txt,person_765
note_766.txt,person_766
note_767.txt,person_767
note_768.txt,person_768
note_769.txt,person_769
note_770.txt,person_770
note_771.txt,person_771
note_772.txt,person_772
note_773.txt,person_773
note_774.txt,person_774
note_775.txt,person_775
note_776.txt,person_776
note_777.txt,person_777
note_778.txt,person_778
note_779.txt,person_779
note_780.txt,person_780
note_781.txt,person_781
note_782.txt,person_782
note_783.txt,person_783
note_784.txt,person_784
note_785.txt,person_785
note_786.txt,person_786
note_787.txt,person_787
note_788.txt,person_788
note_789.txt,person_789
note_790.txt,person_790
note_791.txt,person_791
note_792.txt,person_792
note_793.txt,person_793
note_794.txt,person_794
note_795.txt,person_795
note_796.txt,person_796
note_797.txt,person_797
note_798.txt,person_798
note_799.txt,person_799
note_800.txt,person_800
note_801.txt,person_801
note_802.txt,person_802
note_803.txt,person_803
note_804.txt,person_804
note_805.txt,person_805
note_806.txt,person_806
note_807.txt,person_807
note_808.txt,person_808
note_809.txt,person_809
note_810.txt,person_810
note_811.txt,person_811
note_812.txt,person_812
note_813.txt,person_813
note_814.txt,person_814
note_815.txt,person_815
note_816.txt,person_816
note_817.txt,person_817
note_818.txt,person_818
note_819.txt,person_819
note_820.txt,person_820
note_821.txt,person_821
note_822.txt,person_822
note_823.txt,person_823
note_824.txt,person_824
note_825.txt,person_825
note_826.txt,person_826
note_827.txt,person_827
note_828.txt,person_828
note_829.txt,person_829
note_830.txt,person_830
note_831.txt,person_831
note_832.txt,person_832
note_833.txt,person_833
note_834.txt,person_834
note_835.txt,person_835
note_836.txt,person_836
note_837.txt,person_837
note_838.txt,person_838
note_839.txt,person_839
note_840.txt,person_840
note_841.txt,person_841
note_842.txt,person_842
note_843.txt,person_843
note_844.txt,person_844
note_845.txt,person_845
note_846.txt,person_846
note_847.txt,person_847
note_848.txt,person_848
note_849.txt,person_849
note_850.txt,person_850
note_851.txt,person_851
note_852.txt,person_852
note_853.txt,person_853
note_854.txt,person_854
note_855.txt,person_855
note_856.txt,person_856
note_857.txt,person_857
note_858.txt,person_858
note_859.txt,person_859
note_860.txt,person_860
note_861.txt,person_861
note_862.txt,person_862
note_863.txt,person_863
note_864.txt,person_864
note_865.txt,person_865
note_866.txt,person_866
note_867.txt,person_867
note_868.txt,person_868
note_869.txt,person_869
note_870.txt,person_870
note_871.txt,person_871
note_872.txt,person_872
note_873.txt,person_873
note_874.txt,person_874
note_875.txt,person_875
note_876.txt,person_876
note_877.txt,person_877
note_878.txt,person_878
note_879.txt,person_879
note_880.txt,person_880
note_881.txt,person_881
note_882.txt,person_882
note_883.txt,person_883
note_884.txt,person_884
note_885.txt,person_885
note_886.txt,person_886
note_887.txt,person_887
note_888.txt,person_888
note_889.txt,person_889
note_890.txt,person_890
note_891.txt,person_891
note_892.txt,person_892
note_893.txt,person_893
note_894.txt,person_894
note_895.txt,person_895
note_896.txt,person_896
note_897.txt,person_897
note_898.txt,person_898
note_899.txt,person_899
note_900.txt,person_900
note_901.txt,person_901
note_902.txt,person_902
note_903.txt,person_903
note_904.txt,person_904
note_905.txt,person_905
note_906.txt,person_906
note_907.txt,person_907
note_908.txt,person_908
note_909.txt,person_909
note_910.txt,person_910
note_911.txt,person_911
note_912.txt,person_912
note_913.txt,person_913
note_914.txt,person_914
note_915.txt,person_915
note_916.txt,person_916
note_917.txt,person_917
note_918.txt,person_918
note_919.txt,person_919
note_920.txt,person_920
note_921.txt,person_921
note_922.txt,person_922
note_923.txt,person_923
note_924.txt,person_924
note_925.txt,person_925
note_926.txt,person_926
note_927.txt,person_927
note_928.txt,person_928
note_929.txt,person_929
note_930.txt,person_930
note_931.txt,person_931
note_932.txt,person_932
note_933.txt,person_933
note_934.txt,person_934
note_935.txt,person_935
note_936.txt,person_936
note_937.txt,person_937
note_938.txt,person_938
note_939.txt,person_939
note_940.txt,person_940
note_941.txt,person_941
note_942.txt,person_942
note_943.txt,person_943
note_944.txt,person_944
note_945.txt,person_945
note_946.txt,person_946
note_947.txt,person_947
note_948.txt,person_948
note_949.txt,person_949
note_950.txt,person_950
note_951.txt,person_951
note_952.txt,person_952
note_953.txt,person_953
note_954.txt,person_954
note_955.txt,person_955
note_956.txt,person_956
note_957.txt,person_957
note_958.txt,person_958
note_959.txt,person_959
note_960.txt,person_960
note_961.txt,person_961
note_962.txt,person_962
note_963.txt,person_963
note_964.txt,person_964
note_965.txt,person_965
note_966.txt,person_966
note_967.txt,person_967
note_968.txt,person_968
note_969.txt,person_969
note_970.txt,person_970
note_971.txt,person_971
note_972.txt,person_972
note_973.txt,person_973
note_974.txt,person_974
note_975.txt,person_975
note_976.txt,person_976
note_977.txt,person_977
note_978.txt,person_978
note_979.txt,person_979
note_980.txt,person_980
note_981.txt,person_981
note_982.txt,person_982
note_983.txt,person_983
note_984.txt,person_984
note_985.txt,person_985
note_986.txt,person_986
note_987.txt,person_987
note_988.txt,person_988
note_989.txt,person_989
note_990.txt,person_990
note_991.txt,person_991
note_992.txt,person_992
note_993.txt,person_993
note_994.txt,person_994
note_995.txt,person_995
note_996.txt,person_996
note_997.txt,person_997
note_998.txt,person_998
note_999.txt,person_999
note_1000.txt,person_1000
note_1001.txt,person_1001
note_1002.txt,person_1002
note_1003.txt,person_1003
note_1004.txt,person_1004
note_1005.txt,person_1005
note_1006.txt,person_1006
note_1007.txt,person_1007
note_1008.txt,person_1008
note_1009.txt,person_1009
note_1010.txt,person_1010
note_1011.txt,person_1011
note_1012.txt,person_1012
note_1013.txt,person_1013
note_1014.txt,person_1014
note_1015.txt,person_1015
note_1016.txt,person_1016
note_1017.txt,person_1017
note_1018.txt,person_1018
note_1019.txt,person_1019
note_1020.txt,person_1020
note_1021.txt,person_1021
note_1022.txt,person_1022
note_1023.txt,person_1023
note_1024.txt,person_1024
note_1025.txt,person_1025
note_1026.txt,person_1026
note_1027.txt,person_1027
note_1028.txt,person_1028
note_1029.txt,person_1029
note_1030.txt,person_1030
note_1031.txt,person_1031
note_1032.txt,person_1032
note_1033.txt,person_1033
note_1034.txt,person_1034
note_1035.txt,person_1035
note_1036.txt,person_1036
note_1037.txt,person_1037
note_1038.txt,person_1038
note_1039.txt,person_1039
note_1040.txt,person_1040
note_1041.txt,person_1041
note_1042.txt,person_1042
note_1043.txt,person_1043
note_1044.txt,person_1044
note_1045.txt,person_1045
note_1046.txt,person_1046
note_1047.txt,person_1047
note_1048.txt,person_1048
note_1049.txt,person_1049
note_1050.txt,person_1050
note_1051.txt,person_1051
note_1052.txt,person_1052
note_1053.txt,person_1053
note_1054.txt,person_1054
note_1055.txt,person_1055
note_1056.txt,person_1056
note_1057.txt,person_1057
note_1058.txt,person_1058
note_1059.txt,person_1059
note_1060.txt,person_1060
note_1061.txt,person_1061
note_1062.txt,person_1062
note_1063.txt,person_1063
note_1064.txt,person_1064
note_1065.txt,person_1065
note_1066.txt,person_1066
note_1067.txt,person_1067
note_1068.txt,person_1068
note_1069.txt,person_1069
note_1070.txt,person_1070
note_1071.txt,person_1071
note_1072.txt,person_1072
note_1073.txt,person_1073
note_1074.txt,person_1074
note_1075.txt,person_1075
note_1076.txt,person_1076
note_1077.txt,person_1077
note_1078.txt,person_1078
note_1079.txt,person_1079
note_1080.txt,person_1080
note_1081.txt,person_1081
note_1082.txt,person_1082
note_1083.txt,person_1083
note_1084.txt,person_1084
note_1085.txt,person_1085
note_1086.txt,person_1086
note_1087.txt,person_1087
note_1088.txt,person_1088
note_1089.txt,person_1089
note_1090.txt,person_1090
note_1091.txt,person_1091
note_1092.txt,person_1092
note_1093.txt,person_1093
note_1094.txt,person_1094
note_1095.txt,person_1095
note_1096.txt,person_1096
note_1097.txt,person_1097
note_1098.txt,person_1098
note_1099.txt,person_1099
note_1100.txt,person_1100
note_1101.txt,person_1101
note_1102.txt,person_1102
note_1103.txt,person_1103
note_1104.txt,person_1104
note_1105.txt,person_1105
note_1106.txt,person_1106
note_1107.txt,person_1107
note_1108.txt,person_1108
note_1109.txt,person_1109
note_1110.txt,person_1110
note_1111.txt,person_1111
note_1112.txt,person_1112
note_1113.txt,person_1113
note_1114.txt,person_1114
note_1115.txt,person_1115
note_1116.txt,person_1116
note_1117.txt,person_1117
note_1118.txt,person_1118
note_1119.txt,person_1119
note_1120.txt,person_1120
note_1121.txt,person_1121
note_1122.txt,person_1122
note_1123.txt,person_1123
note_1124.txt,person_1124
note_1125.txt,person_1125
note_1126.txt,person_1126
note_1127.txt,person_1127
note_1128.txt,person_1128
note_1129.txt,person_1129
note_1130.txt,person_1130
note_1131.txt,person_1131
note_1132.txt,person_1132
note_1133.txt,person_1133
note_1134.txt,person_1134
note_1135.txt,person_1135
note_1136.txt,person_1136
note_1137.txt,person_1137
note_1138.txt,person_1138
note_1139.txt,person_1139
note_1140.txt,person_1140
note_1141.txt,person_1141
note_1142.txt,person_1142
note_1143.txt,person_1143
note_1144.txt,person_1144
note_1145.txt,person_1145
note_1146.txt,person_1146
note_1147.txt,person_1147
note_1148.txt,person_1148
note_1149.txt,person_1149
note_1150.txt,person_1150
note_1151.txt,person_1151
note_1152.txt,person_1152
note_1153.txt,person_1153
note_1154.txt,person_1154
note_1155.txt,person_1155
note_1156.txt,person_1156
note_1157.txt,person_1157
note_1158.txt,person_1158
note_1159.txt,person_1159
note_1160.txt,person_1160
note_1161.txt,person_1161
note_1162.txt,person_1162
note_1163.txt,person_1163
note_1164.txt,person_1164
note_1165.txt,person_1165
note_1166.txt,person_1166
note_1167.txt,person_1167
note_1168.txt,person_1168
note_1169.txt,person_1169
note_1170.txt,person_1170
note_1171.txt,person_1171
note_1172.txt,person_1172
note_1173.txt,person_1173
note_1174.txt,person_1174
note_1175.txt,person_1175
note_1176.txt,person_1176
note_1177.txt,person_1177
note_1178.txt,person_1178
note_1179.txt,person_1179
note_1180.txt,person_1180
note_1181.txt,person_1181
note_1182.txt,person_1182
note_1183.txt,person_1183
note_1184.txt,person_1184
note_1185.txt,person_1185
note_1186.txt,person_1186
note_1187.txt,person_1187
note_1188.txt,person_1188
note_1189.txt,person_1189
note_1190.txt,person_1190
note_1191.txt,person_1191
note_1192.txt,person_1192
note_1193.txt,person_1193
note_1194.txt,person_1194
note_1195.txt,person_1195
note_1196.txt,person_1196
note_1197.txt,person_1197
note_1198.txt,person_1198
note_1199.txt,person_1199
note_1200.txt,person_1200
note_1201.txt,person_1201
note_1202.txt,person_1202
note_1203.txt,person_1203
note_1204.txt,person_1204
note_1205.txt,person_1205
note_1206.txt,person_1206
note_1207.txt,person_1207
note_1208.txt,person_1208
note_1209.txt,person_1209
note_1210.txt,person_1210
note_1211.txt,person_1211
note_1212.txt,person_1212
note_1213.txt,person_1213
note_1214.txt,person_1214
note_1215.txt,person_1215
note_1216.txt,person_1216
note_1217.txt,person_1217
note_1218.txt,person_1218
note_1219.txt,person_1219
note_1220.txt,person_1220
note_1221.txt,person_1221
note_1222.txt,person_1222
note_1223.txt,person_1223
note_1224.txt,person_1224
note_1225.txt,person_1225
note_1226.txt,person_1226
note_1227.txt,person_1227
note_1228.txt,person_1228
note_1229.txt,person_1229
note_1230.txt,person_1230
note_1231.txt,person_1231
note_1232.txt,person_1232
note_1233.txt,person_1233
note_1234.txt,person_1234
note_1235.txt,person_1235
note_1236.txt,person_1236
note_1237.txt,person_1237
note_1238.txt,person_1238
note_1239.txt,person_1239
note_1240.txt,person_1240
note_1241.txt,person_1241
note_1242.txt,person_1242
note_1243.txt,person_1243
note_1244.txt,person_1244
note_1245.txt,person_1245
note_1246.txt,person_1246
note_1247.txt,person_1247
note_1248.txt,person_1248
note_1249.txt,person_1249
note_1250.txt,person_1250
note_1251.txt,person_1251
note_1252.txt,person_1252
note_1253.txt,person_1253
note_1254.txt,person_1254
note_1255.txt,person_1255
note_1256.txt,person_1256
note_1257.txt,person_1257
note_1258.txt,person_1258
note_1259.txt,person_1259
note_1260.txt,person_1260
note_1261.txt,person_1261
note_1262.txt,person_1262
note_1263.txt,person_1263
note_1264.txt,person_1264
note_1265.txt,person_1265
note_1266.txt,person_1266
note_1267.txt,person_1267
note_1268.txt,person_1268
note_1269.txt,person_1269
note_1270.txt,person_1270
note_1271.txt,person_1271
note_1272.txt,person_1272
note_1273.txt,person_1273
note_1274.txt,person_1274
note_1275.txt,person_1275
note_1276.txt,person_1276
note_1277.txt,person_1277
note_1278.txt,person_1278
note_1279.txt,person_1279
note_1280.txt,person_1280
note_1281.txt,person_1281
note_1282.txt,person_1282
note_1283.txt,person_1283
note_1284.txt,person_1284
note_1285.txt,person_1285
note_1286.txt,person_1286
note_1287.txt,person_1287
note_1288.txt,person_1288
note_1289.txt,person_1289
note_1290.txt,person_1290
note_1291.txt,person_1291
note_1292.txt,person_1292
note_1293.txt,person_1293
note_1294.txt,person_1294
note_1295.txt,person_1295
note_1296.txt,person_1296
note_1297.txt,person_1297
note_1298.txt,person_1298
note_1299.txt,person_1299
note_1300.txt,person_1300
note_1301.txt,person_1301
note_1302.txt,person_1302
note_1303.txt,person_1303
note_1304.txt,person_1304
note_1305.txt,person_1305
note_1306.txt,person_1306
note_1307.txt,person_1307
note_1308.txt,person_1308
note_1309.txt,person_1309
note_1310.txt,person_1310
note_1311.txt,person_1311
note_1312.txt,person_1312
note_1313.txt,person_1313
note_1314.txt,person_1314
note_1315.txt,person_1315
note_1316.txt,person_1316
note_1317.txt,person_1317
note_1318.txt,person_1318
note_1319.txt,person_1319
note_1320.txt,person_1320
note_1321.txt,person_1321
note_1322.txt,person_1322
note_1323.txt,person_1323
note_1324.txt,person_1324
note_1325.txt,person_1325
note_1326.txt,person_1326
note_1327.txt,person_1327
note_1328.txt,person_1328
note_1329.txt,person_1329
note_1330.txt,person_1330
note_1331.txt,person_1331
note_1332.txt,person_1332
note_1333.txt,person_1333
note_1334.txt,person_1334
note_1335.txt,person_1335
note_1336.txt,person_1336
note_1337.txt,person_1337
note_1338.txt,person_1338
note_1339.txt,person_1339
note_1340.txt,person_1340
note_1341.txt,person_1341
note_1342.txt,person_1342
note_1343.txt,person_1343
note_1344.txt,person_1344
note_1345.txt,person_1345
note_1346.txt,person_1346
note_1347.txt,person_1347
note_1348.txt,person_1348
note_1349.txt,person_1349
note_1350.txt,person_1350
note_1351.txt,person_1351
note_1352.txt,person_1352
note_1353.txt,person_1353
note_1354.txt,person_1354
note_1355.txt,person_1355
note_1356.txt,person_1356
note_1357.txt,person_1357
note_1358.txt,person_1358
note_1359.txt,person_1359
note_1360.txt,person_1360
note_1361.txt,person_1361
note_1362.txt,person_1362
note_1363.txt,person_1363
note_1364.txt,person_1364
note_1365.txt,person_1365
note_1366.txt,person_1366
note_1367.txt,person_1367
note_1368.txt,person_1368
note_1369.txt,person_1369
note_1370.txt,person_1370
note_1371.txt,person_1371
note_1372.txt,person_1372
note_1373.txt,person_1373
note_1374.txt,person_1374
note_1375.txt,person_1375
note_1376.txt,person_1376
note_1377.txt,person_1377
note_1378.txt,person_1378
note_1379.txt,person_1379
note_1380.txt,person_1380
note_1381.txt,person_1381
note_1382.txt,person_1382
note_1383.txt,person_1383
note_1384.txt,person_1384
note_1385.txt,person_1385
note_1386.txt,person_1386
note_1387.txt,person_1387
note_1388.txt,person_1388
note_1389.txt,person_1389
note_1390.txt,person_1390
note_1391.txt,person_1391
note_1392.txt,person_1392
note_1393.txt,person_1393
note_1394.txt,person_1394
note_1395.txt,person_1395
note_1396.txt,person_1396
note_1397.txt,person_1397
note_1398.txt,person_1398
note_1399.txt,person_1399
note_1400.txt,person_1400
note_1401.txt,person_1401
note_1402.txt,person_1402
note_1403.txt,person_1403
note_1404.txt,person_1404
note_1405.txt,person_1405
note_1406.txt,person_1406
note_1407.txt,person_1407
note_1408.txt,person_1408
note_1409.txt,person_1409
note_1410.txt,person_1410
note_1411.txt,person_1411
note_1412.txt,person_1412
note_1413.txt,person_1413
note_1414.txt,person_1414
note_1415.txt,person_1415
note_1416.txt,person_1416
note_1417.txt,person_1417
note_1418.txt,person_1418
note_1419.txt,person_1419
note_1420.txt,person_1420
note_1421.txt,person_1421
note_1422.txt,person_1422
note_1423.txt,person_1423
note_1424.txt,person_1424
note_1425.txt,person_1425
note_1426.txt,person_1426
note_1427.txt,person_1427
note_1428.txt,person_1428
note_1429.txt,person_1429
note_1430.txt,person_1430
note_1431.txt,person_1431
note_1432.txt,person_1432
note_1433.txt,person_1433
note_1434.txt,person_1434
note_1435.txt,person_1435
note_1436.txt,person_1436
note_1437.txt,person_1437
note_1438.txt,person_1438
note_1439.txt,person_1439
note_1440.txt,person_1440
note_1441.txt,person_1441
note_1442.txt,person_1442
note_1443.txt,person_1443
note_1444.txt,person_1444
note_1445.txt,person_1445
note_1446.txt,person_1446
note_1447.txt,person_1447
note_1448.txt,person_1448
note_1449.txt,person_1449
note_1450.txt,person_1450
note_1451.txt,person_1451
note_1452.txt,person_1452
note_1453.txt,person_1453
note_1454.txt,person_1454
note_1455.txt,person_1455
note_1456.txt,person_1456
note_1457.txt,person_1457
note_1458.txt,person_1458
note_1459.txt,person_1459
note_1460.txt,person_1460
note_1461.txt,person_1461
note_1462.txt,person_1462
note_1463.txt,person_1463
note_1464.txt,person_1464
note_1465.txt,person_1465
note_1466.txt,person_1466
note_1467.txt,person_1467
note_1468.txt,person_1468
note_1469.txt,person_1469
note_1470.txt,person_1470
note_1471.txt,person_1471
note_1472.txt,person_1472
note_1473.txt,person_1473
note_1474.txt,person_1474
note_1475.txt,person_1475
note_1476.txt,person_1476
note_1477.txt,person_1477
note_1478.txt,person_1478
note_1479.txt,person_1479
note_1480.txt,person_1480
note_1481.txt,person_1481
note_1482.txt,person_1482
note_1483.txt,person_1483
note_1484.txt,person_1484
note_1485.txt,person_1485
note_1486.txt,person_1486
note_1487.txt,person_1487
note_1488.txt,person_1488
note_1489.txt,person_1489
note_1490.txt,person_1490
note_1491.txt,person_1491
note_1492.txt,person_1492
note_1493.txt,person_1493
note_1494.txt,person_1494
note_1495.txt,person_1495
note_1496.txt,person_1496
note_1497.txt,person_1497
note_1498.txt,person_1498
note_1499.txt,person_1499
note_1500.txt,person_1500
note_1501.txt,person_1501
note_1502.txt,person_1502
note_1503.txt,person_1503
note_1504.txt,person_1504
note_1505.txt,person_1505
note_1506.txt,person_1506
note_1507.txt,person_1507
note_1508.txt,person_1508
note_1509.txt,person_1509
note_1510.txt,person_1510
note_1511.txt,person_1511
note_1512.txt,person_1512
note_1513.txt,person_1513
note_1514.txt,person_1514
note_1515.txt,person_1515
note_1516.txt,person_1516
note_1517.txt,person_1517
note_1518.txt,person_1518
note_1519.txt,person_1519
note_1520.txt,person_1520
note_1521.txt,person_1521
note_1522.txt,person_1522
note_1523.txt,person_1523
note_1524.txt,person_1524
note_1525.txt,person_1525
note_1526.txt,person_1526
note_1527.txt,person_1527
note_1528.txt,person_1528
note_1529.txt,person_1529
note_1530.txt,person_1530
note_1531.txt,person_1531
note_1532.txt,person_1532
note_1533.txt,person_1533
note_1534.txt,person_1534
note_1535.txt,person_1535
note_1536.txt,person_1536
note_1537.txt,person_1537
note_1538.txt,person_1538
note_1539.txt,person_1539
note_1540.txt,person_1540
note_1541.txt,person_1541
note_1542.txt,person_1542
note_1543.txt,person_1543
note_1544.txt,person_1544
note_1545.txt,person_1545
note_1546.txt,person_1546
note_1547.txt,person_1547
note_1548.txt,person_1548
note_1549.txt,person_1549
note_1550.txt,person_1550
note_1551.txt,person_1551
note_1552.txt,person_1552
note_1553.txt,person_1553
note_1554.txt,person_1554
note_1555.txt,person_1555
note_1556.txt,person_1556
note_1557.txt,person_1557
note_1558.txt,person_1558
note_1559.txt,person_1559
note_1560.txt,person_1560
note_1561.txt,person_1561
note_1562.txt,person_1562
note_1563.txt,person_1563
note_1564.txt,person_1564
note_1565.txt,person_1565
note_1566.txt,person_1566
note_1567.txt,person_1567
note_1568.txt,person_1568
note_1569.txt,person_1569
note_1570.txt,person_1570
note_1571.txt,person_1571
note_1572.txt,person_1572
note_1573.txt,person_1573
note_1574.txt,person_1574
note_1575.txt,person_1575
note_1576.txt,person_1576
note_1577.txt,person_1577
note_1578.txt,person_1578
note_1579.txt,person_1579
note_1580.txt,person_1580
note_1581.txt,person_1581
note_1582.txt,person_1582
note_1583.txt,person_1583
note_1584.txt,person_1584
note_1585.txt,person_1585
note_1586.txt,person_1586
note_1587.txt,person_1587
note_1588.txt,person_1588
note_1589.txt,person_1589
note_1590.txt,person_1590
note_1591.txt,person_1591
note_1592.txt,person_1592
note_1593.txt,person_1593
note_1594.txt,person_1594
note_1595.txt,person_1595
note_1596.txt,person_1596
note_1597.txt,person_1597
note_1598.txt,person_1598
note_1599.txt,person_1599
note_1600.txt,person_1600
note_1601.txt,person_1601
note_1602.txt,person_1602
note_1603.txt,person_1603
note_1604.txt,person_1604
note_1605.txt,person_1605
note_1606.txt,person_1606
note_1607.txt,person_1607
note_1608.txt,person_1608
note_1609.txt,person_1609
note_1610.txt,person_1610
note_1611.txt,person_1611
note_1612.txt,person_1612
note_1613.txt,person_1613
note_1614.txt,person_1614
note_1615.txt,person_1615
note_1616.txt,person_1616
note_1617.txt,person_1617
note_1618.txt,person_1618
note_1619.txt,person_1619
note_1620.txt,person_1620
note_1621.txt,person_1621
note_1622.txt,person_1622
note_1623.txt,person_1623
note_1624.txt,person_1624
note_1625.txt,person_1625
note_1626.txt,person_1626
note_1627.txt,person_1627
note_1628.txt,person_1628
note_1629.txt,person_1629
note_1630.txt,person_1630
note_1631.txt,person_1631
note_1632.txt,person_1632
note_1633.txt,person_1633
note_1634.txt,person_1634
note_1635.txt,person_1635
note_1636.txt,person_1636
note_1637.txt,person_1637
note_1638.txt,person_1638
note_1639.txt,person_1639
note_1640.txt,person_1640
note_1641.txt,person_1641
note_1642.txt,person_1642
note_1643.txt,person_1643
note_1644.txt,person_1644
note_1645.txt,person_1645
note_1646.txt,person_1646
note_1647.txt,person_1647
note_1648.txt,person_1648
note_1649.txt,person_1649
note_1650.txt,person_1650
note_1651.txt,person_1651
note_1652.txt,person_1652
note_1653.txt,person_1653
note_1654.txt,person_1654
note_1655.txt,person_1655
note_1656.txt,person_1656
note_1657.txt,person_1657
note_1658.txt,person_1658
note_1659.txt,person_1659
note_1660.txt,person_1660
note_1661.txt,person_1661
note_1662.txt,person_1662
note_1663.txt,person_1663
note_1664.txt,person_1664
note_1665.txt,person_1665
note_1666.txt,person_1666
note_1667.txt,person_1667
note_1668.txt,person_1668
note_1669.txt,person_1669
note_1670.txt,person_1670
note_1671.txt,person_1671
note_1672.txt,person_1672
note_1673.txt,person_1673
note_1674.txt,person_1674
note_1675.txt,person_1675
note_1676.txt,person_1676
note_1677.txt,person_1677
note_1678.txt,person_1678
note_1679.txt,person_1679
note_1680.txt,person_1680
note_1681.txt,person_1681
note_1682.txt,person_1682
note_1683.txt,person_1683
note_1684.txt,person_1684
note_1685.txt,person_1685
note_1686.txt,person_1686
note_1687.txt,person_1687
note_1688.txt,person_1688
note_1689.txt,person_1689
note_1690.txt,person_1690
note_1691.txt,person_1691
note_1692.txt,person_1692
note_1693.txt,person_1693
note_1694.txt,person_1694
note_1695.txt,person_1695
note_1696.txt,person_1696
note_1697.txt,person_1697
note_1698.txt,person_1698
note_1699.txt,person_1699
note_1700.txt,person_1700
note_1701.txt,person_1701
note_1702.txt,person_1702
note_1703.txt,person_1703
note_1704.txt,person_1704
note_1705.txt,person_1705
note_1706.txt,person_1706
note_1707.txt,person_1707
note_1708.txt,person_1708
note_1709.txt,person_1709
note_1710.txt,person_1710
note_1711.txt,person_1711
note_1712.txt,person_1712
note_1713.txt,person_1713
note_1714.txt,person_1714
note_1715.txt,person_1715
note_1716.txt,person_1716
note_1717.txt,person_1717
note_1718.txt,person_1718
note_1719.txt,person_1719
note_1720.txt,person_1720
note_1721.txt,person_1721
note_1722.txt,person_1722
note_1723.txt,person_1723
note_1724.txt,person_1724
note_1725.txt,person_1725
note_1726.txt,person_1726
note_1727.txt,person_1727
note_1728.txt,person_1728
note_1729.txt,person_1729
note_1730.txt,person_1730
note_1731.txt,person_1731
note_1732.txt,person_1732
note_1733.txt,person_1733
note_1734.txt,person_1734
note_1735.txt,person_1735
note_1736.txt,person_1736
note_1737.txt,person_1737
note_1738.txt,person_1738
note_1739.txt,person_1739
note_1740.txt,person_1740
note_1741.txt,person_1741
note_1742.txt,person_1742
note_1743.txt,person_1743
note_1744.txt,person_1744
note_1745.txt,person_1745
note_1746.txt,person_1746
note_1747.txt,person_1747
note_1748.txt,person_1748
note_1749.txt,person_1749
note_1750.txt,person_1750
note_1751.txt,person_1751
note_1752.txt,person_1752
note_1753.txt,person_1753
note_1754.txt,person_1754
note_1755.txt,person_1755
note_1756.txt,person_1756
note_1757.txt,person_1757
note_1758.txt,person_1758
note_1759.txt,person_1759
note_1760.txt,person_1760
note_1761.txt,person_1761
note_1762.txt,person_1762
note_1763.txt,person_1763
note_1764.txt,person_1764
note_1765.txt,person_1765
note_1766.txt,person_1766
note_1767.txt,person_1767
note_1768.txt,person_1768
note_1769.txt,person_1769
note_1770.txt,person_1770
note_1771.txt,person_1771
note_1772.txt,person_1772
note_1773.txt,person_1773
note_1774.txt,person_1774
note_1775.txt,person_1775
note_1776.txt,person_1776
note_1777.txt,person_1777
note_1778.txt,person_1778
note_1779.txt,person_1779
note_1780.txt,person_1780
note_1781.txt,person_1781
note_1782.txt,person_1782
note_1783.txt,person_1783
note_1784.txt,person_1784
note_1785.txt,person_1785
note_1786.txt,person_1786
note_1787.txt,person_1787
note_1788.txt,person_1788
note_1789.txt,person_1789
note_1790.txt,person_1790
note_1791.txt,person_1791
note_1792.txt,person_1792
note_1793.txt,person_1793
note_1794.txt,person_1794
note_1795.txt,person_1795
note_1796.txt,person_1796
note_1797.txt,person_1797
note_1798.txt,person_1798
note_1799.txt,person_1799
note_1800.txt,person_1800
note_1801.txt,person_1801
note_1802.txt,person_1802
note_1803.txt,person_1803
note_1804.txt,person_1804
note_1805.txt,person_1805
note_1806.txt,person_1806
note_1807.txt,person_1807
note_1808.txt,person_1808
note_1809.txt,person_1809
note_1810.txt,person_1810
note_1811.txt,person_1811
note_1812.txt,person_1812
note_1813.txt,person_1813
note_1814.txt,person_1814
note_1815.txt,person_1815
note_1816.txt,person_1816
note_1817.txt,person_1817
note_1818.txt,person_1818
note_1819.txt,person_1819
note_1820.txt,person_1820
note_1821.txt,person_1821
note_1822.txt,person_1822
note_1823.txt,person_1823
note_1824.txt,person_1824
note_1825.txt,person_1825
note_1826.txt,person_1826
note_1827.txt,person_1827
note_1828.txt,person_1828
note_1829.txt,person_1829
note_1830.txt,person_1830
note_1831.txt,person_1831
note_1832.txt,person_1832
note_1833.txt,person_1833
note_1834.txt,person_1834
note_1835.txt,person_1835
note_1836.txt,person_1836
note_1837.txt,person_1837
note_1838.txt,person_1838
note_1839.txt,person_1839
note_1840.txt,person_1840
note_1841.txt,person_1841
note_1842.txt,person_1842
note_1843.txt,person_1843
note_1844.txt,person_1844
note_1845.txt,person_1845
note_1846.txt,person_1846
note_1847.txt,person_1847
note_1848.txt,person_1848
note_1849.txt,person_1849
note_1850.txt,person_1850
note_1851.txt,person_1851
note_1852.txt,person_1852
note_1853.txt,person_1853
note_1854.txt,person_1854
note_1855.txt,person_1855
note_1856.txt,person_1856
note_1857.txt,person_1857
note_1858.txt,person_1858
note_1859.txt,person_1859
note_1860.txt,person_1860
note_1861.txt,person_1861
note_1862.txt,person_1862
note_1863.txt,person_1863
note_1864.txt,person_1864
note_1865.txt,person_1865
note_1866.txt,person_1866
note_1867.txt,person_1867
note_1868.txt,person_1868
note_1869.txt,person_1869
note_1870.txt,person_1870
note_1871.txt,person_1871
note_1872.txt,person_1872
note_1873.txt,person_1873
note_1874.txt,person_1874
note_1875.txt,person_1875
note_1876.txt,person_1876
note_1877.txt,person_1877
note_1878.txt,person_1878
note_1879.txt,person_1879
note_1880.txt,person_1880
note_1881.txt,person_1881
note_1882.txt,person_1882
note_1883.txt,person_1883
note_1884.txt,person_1884
note_1885.txt,person_1885
note_1886.txt,person_1886
note_1887.txt,person_1887
note_1888.txt,person_1888
note_1889.txt,person_1889
note_1890.txt,person_1890
note_1891.txt,person_1891
note_1892.txt,person_1892
note_1893.txt,person_1893
note_1894.txt,person_1894
note_1895.txt,person_1895
note_1896.txt,person_1896
note_1897.txt,person_1897
note_1898.txt,person_1898
note_1899.txt,person_1899
note_1900.txt,person_1900
note_1901.txt,person_1901
note_1902.txt,person_1902
note_1903.txt,person_1903
note_1904.txt,person_1904
note_1905.txt,person_1905
note_1906.txt,person_1906
note_1907.txt,person_1907
note_1908.txt,person_1908
note_1909.txt,person_1909
note_1910.txt,person_1910
note_1911.txt,person_1911
note_1912.txt,person_1912
note_1913.txt,person_1913
note_1914.txt,person_1914
note_1915.txt,person_1915
note_1916.txt,person_1916
note_1917.txt,person_1917
note_1918.txt,person_1918
note_1919.txt,person_1919
note_1920.txt,person_1920
note_1921.txt,person_1921
note_1922.txt,person_1922
note_1923.txt,person_1923
note_1924.txt,person_1924
note_1925.txt,person_1925
note_1926.txt,person_1926
note_1927.txt,person_1927
note_1928.txt,person_1928
note_1929.txt,person_1929
note_1930.txt,person_1930
note_1931.txt,person_1931
note_1932.txt,person_1932
note_1933.txt,person_1933
note_1934.txt,person_1934
note_1935.txt,person_1935
note_1936.txt,person_1936
note_1937.txt,person_1937
note_1938.txt,person_1938
note_1939.txt,person_1939
note_1940.txt,person_1940
note_1941.txt,person_1941
note_1942.txt,person_1942
note_1943.txt,person_1943
note_1944.txt,person_1944
note_1945.txt,person_1945
note_1946.txt,person_1946
note_1947.txt,person_1947
note_1948.txt,person_1948
note_1949.txt,person_1949
note_1950.txt,person_1950
note_1951.txt,person_1951
note_1952.txt,person_1952
note_1953.txt,person_1953
note_1954.txt,person_1954
note_1955.txt,person_1955
note_1956.txt,person_1956
note_1957.txt,person_1957
note_1958.txt,person_1958
note_1959.txt,person_1959
note_1960.txt,person_1960
note_1961.txt,person_1961
note_1962.txt,person_1962
note_1963.txt,person_1963
note_1964.txt,person_1964
note_1965.txt,person_1965
note_1966.txt,person_1966
note_1967.txt,person_1967
note_1968.txt,person_1968
note_1969.txt,person_1969
note_1970.txt,person_1970
note_1971.txt,person_1971
note_1972.txt,person_1972
note_1973.txt,person_1973
note_1974.txt,person_1974
note_1975.txt,person_1975
note_1976.txt,person_1976
note_1977.txt,person_1977
note_1978.txt,person_1978
note_1979.txt,person_1979
note_1980.txt,person_1980
note_1981.txt,person_1981
note_1982.txt,person_1982
note_1983.txt,person_1983
note_1984.txt,person_1984
note_1985.txt,person_1985
note_1986.txt,person_1986
note_1987.txt,person_1987
note_1988.txt,person_1988
note_1989.txt,person_1989
note_1990.txt,person_1990
note_1991.txt,person_1991
note_1992.txt,person_1992
note_1993.txt,person_1993
note_1994.txt,person_1994
note_1995.txt,person_1995
note_1996.txt,person_1996
note_1997.txt,person_1997
note_1998.txt,person_1998
note_1999.txt,person_1999
note_2000.txt,person_2000
note_2001.txt,person_2001
note_2002.txt,person_2002
note_2003.txt,person_2003
note_2004.txt,person_2004
note_2005.txt,person_2005
note_2006.txt,person_2006
note_2007.txt,person_2007
note_2008.txt,person_2008
note_2009.txt,person_2009
note_2010.txt,person_2010
note_2011.txt,person_2011
note_2012.txt,person_2012
note_2013.txt,person_2013
note_2014.txt,person_2014
note_2015.txt,person_2015
note_2016.txt,person_2016
note_2017.txt,person_2017
note_2018.txt,person_2018
note_2019.txt,person_2019
note_2020.txt,person_2020
note_2021.txt,person_2021
note_2022.txt,person_2022
note_2023.txt,person_2023
note_2024.txt,person_2024
note_2025.txt,person_2025
note_2026.txt,person_2026
note_2027.txt,person_2027
note_2028.txt,person_2028
note_2029.txt,person_2029
note_2030.txt,person_2030
note_2031.txt,person_2031
note_2032.txt,person_2032
note_2033.txt,person_2033
note_2034.txt,person_2034
note_2035.txt,person_2035
note_2036.txt,person_2036
note_2037.txt,person_2037
note_2038.txt,person_2038
note_2039.txt,person_2039
note_2040.txt,person_2040
note_2041.txt,person_2041
note_2042.txt,person_2042
note_2043.txt,person_2043
note_2044.txt,person_2044
note_2045.txt,person_2045
note_2046.txt,person_2046
note_2047.txt,person_2047
note_2048.txt,person_2048
note_2049.txt,person_2049
note_2050.txt,person_2050
note_2051.txt,person_2051
note_2052.txt,person_2052
note_2053.txt,person_2053
note_2054.txt,person_2054
note_2055.txt,person_2055
note_2056.txt,person_2056
note_2057.txt,person_2057
note_2058.txt,person_2058
note_2059.txt,person_2059
note_2060.txt,person_2060
note_2061.txt,person_2061
note_2062.txt,person_2062
note_2063.txt,person_2063
note_2064.txt,person_2064
note_2065.txt,person_2065
note_2066.txt,person_2066
note_2067.txt,person_2067
note_2068.txt,person_2068
note_2069.txt,person_2069
note_2070.txt,person_2070
note_2071.txt,person_2071
note_2072.txt,person_2072
note_2073.txt,person_2073
note_2074.txt,person_2074
note_2075.txt,person_2075
note_2076.txt,person_2076
note_2077.txt,person_2077
note_2078.txt,person_2078
note_2079.txt,person_2079
note_2080.txt,person_2080
note_2081.txt,person_2081
note_2082.txt,person_2082
note_2083.txt,person_2083
note_2084.txt,person_2084
note_2085.txt,person_2085
note_2086.txt,person_2086
note_2087.txt,person_2087
note_2088.txt,person_2088
note_2089.txt,person_2089
note_2090.txt,person_2090
note_2091.txt,person_2091
note_2092.txt,person_2092
note_2093.txt,person_2093
note_2094.txt,person_2094
note_2095.txt,person_2095
note_2096.txt,person_2096
note_2097.txt,person_2097
note_2098.txt,person_2098
note_2099.txt,person_2099
note_2100.txt,person_2100
note_2101.txt,person_2101
note_2102.txt,person_2102
note_2103.txt,person_2103
note_2104.txt,person_2104
note_2105.txt,person_2105
note_2106.txt,person_2106
note_2107.txt,person_2107
note_2108.txt,person_2108
note_2109.txt,person_2109
note_2110.txt,person_2110
note_2111.txt,person_2111
note_2112.txt,person_2112
note_2113.txt,person_2113
note_2114.txt,person_2114
note_2115.txt,person_2115
note_2116.txt,person_2116
note_2117.txt,person_2117
note_2118.txt,person_2118
note_2119.txt,person_2119
note_2120.txt,person_2120
note_2121.txt,person_2121
note_2122.txt,person_2122
note_2123.txt,person_2123
note_2124.txt,person_2124
note_2125.txt,person_2125
note_2126.txt,person_2126
note_2127.txt,person_2127
note_2128.txt,person_2128
note_2129.txt,person_2129
note_2130.txt,person_2130
note_2131.txt,person_2131
note_2132.txt,person_2132
note_2133.txt,person_2133
note_2134.txt,person_2134
note_2135.txt,person_2135
note_2136.txt,person_2136
note_2137.txt,person_2137
note_2138.txt,person_2138
note_2139.txt,person_2139
note_2140.txt,person_2140
note_2141.txt,person_2141
note_2142.txt,person_2142
note_2143.txt,person_2143
note_2144.txt,person_2144
note_2145.txt,person_2145
note_2146.txt,person_2146
note_2147.txt,person_2147
note_2148.txt,person_2148
note_2149.txt,person_2149
note_2150.txt,person_2150
note_2151.txt,person_2151
note_2152.txt,person_2152
note_2153.txt,person_2153
note_2154.txt,person_2154
note_2155.txt,person_2155
note_2156.txt,person_2156
note_2157.txt,person_2157
note_2158.txt,person_2158
note_2159.txt,person_2159
note_2160.txt,person_2160
note_2161.txt,person_2161
note_2162.txt,person_2162
note_2163.txt,person_2163
note_2164.txt,person_2164
note_2165.txt,person_2165
note_2166.txt,person_2166
note_2167.txt,person_2167
note_2168.txt,person_2168
note_2169.txt,person_2169
note_2170.txt,person_2170
note_2171.txt,person_2171
note_2172.txt,person_2172
note_2173.txt,person_2173
note_2174.txt,person_2174
note_2175.txt,person_2175
note_2176.txt,person_2176
note_2177.txt,person_2177
note_2178.txt,person_2178
note_2179.txt,person_2179
note_2180.txt,person_2180
note_2181.txt,person_2181
note_2182.txt,person_2182
note_2183.txt,person_2183
note_2184.txt,person_2184
note_2185.txt,person_2185
note_2186.txt,person_2186
note_2187.txt,person_2187
note_2188.txt,person_2188
note_2189.txt,person_2189
note_2190.txt,person_2190
note_2191.txt,person_2191
note_2192.txt,person_2192
note_2193.txt,person_2193
note_2194.txt,person_2194
note_2195.txt,person_2195
note_2196.txt,person_2196
note_2197.txt,person_2197
note_2198.txt,person_2198
note_2199.txt,person_2199
note_2200.txt,person_2200
note_2201.txt,person_2201
note_2202.txt,person_2202
note_2203.txt,person_2203
note_2204.txt,person_2204
note_2205.txt,person_2205
note_2206.txt,person_2206
note_2207.txt,person_2207
note_2208.txt,person_2208
note_2209.txt,person_2209
note_2210.txt,person_2210
note_2211.txt,person_2211
note_2212.txt,person_2212
note_2213.txt,person_2213
note_2214.txt,person_2214
note_2215.txt,person_2215
note_2216.txt,person_2216
note_2217.txt,person_2217
note_2218.txt,person_2218
note_2219.txt,person_2219
note_2220.txt,person_2220
note_2221.txt,person_2221
note_2222.txt,person_2222
note_2223.txt,person_2223
note_2224.txt,person_2224
note_2225.txt,person_2225
note_2226.txt,person_2226
note_2227.txt,person_2227
note_2228.txt,person_2228
note_2229.txt,person_2229
note_2230.txt,person_2230
note_2231.txt,person_2231
note_2232.txt,person_2232
note_2233.txt,person_2233
note_2234.txt,person_2234
note_2235.txt,person_2235
note_2236.txt,person_2236
note_2237.txt,person_2237
note_2238.txt,person_2238
note_2239.txt,person_2239
note_2240.txt,person_2240
note_2241.txt,person_2241
note_2242.txt,person_2242
note_2243.txt,person_2243
note_2244.txt,person_2244
note_2245.txt,person_2245
note_2246.txt,person_2246
note_2247.txt,person_2247
note_2248.txt,person_2248
note_2249.txt,person_2249
note_2250.txt,person_2250
note_2251.txt,person_2251
note_2252.txt,person_2252
note_2253.txt,person_2253
note_2254.txt,person_2254
note_2255.txt,person_2255
note_2256.txt,person_2256
note_2257.txt,person_2257
note_2258.txt,person_2258
note_2259.txt,person_2259
note_2260.txt,person_2260
note_2261.txt,person_2261
note_2262.txt,person_2262
note_2263.txt,person_2263
note_2264.txt,person_2264
note_2265.txt,person_2265
note_2266.txt,person_2266
note_2267.txt,person_2267
note_2268.txt,person_2268
note_2269.txt,person_2269
note_2270.txt,person_2270
note_2271.txt,person_2271
note_2272.txt,person_2272
note_2273.txt,person_2273
note_2274.txt,person_2274
note_2275.txt,person_2275
note_2276.txt,person_2276
note_2277.txt,person_2277
note_2278.txt,person_2278
note_2279.txt,person_2279
note_2280.txt,person_2280
note_2281.txt,person_2281
note_2282.txt,person_2282
note_2283.txt,person_2283
note_2284.txt,person_2284
note_2285.txt,person_2285
note_2286.txt,person_2286
note_2287.txt,person_2287
note_2288.txt,person_2288
note_2289.txt,person_2289
note_2290.txt,person_2290
note_2291.txt,person_2291
note_2292.txt,person_2292
note_2293.txt,person_2293
note_2294.txt,person_2294
note_2295.txt,person_2295
note_2296.txt,person_2296
note_2297.txt,person_2297
note_2298.txt,person_2298
note_2299.txt,person_2299
note_2300.txt,person_2300
note_2301.txt,person_2301
note_2302.txt,person_2302
note_2303.txt,person_2303
note_2304.txt,person_2304
note_2305.txt,person_2305
note_2306.txt,person_2306
note_2307.txt,person_2307
note_2308.txt,person_2308
note_2309.txt,person_2309
note_2310.txt,person_2310
note_2311.txt,person_2311
note_2312.txt,person_2312
note_2313.txt,person_2313
note_2314.txt,person_2314
note_2315.txt,person_2315
note_2316.txt,person_2316
note_2317.txt,person_2317
note_2318.txt,person_2318
note_2319.txt,person_2319
note_2320.txt,person_2320
note_2321.txt,person_2321
note_2322.txt,person_2322
note_2323.txt,person_2323
note_2324.txt,person_2324
note_2325.txt,person_2325
note_2326.txt,person_2326
note_2327.txt,person_2327
note_2328.txt,person_2328
note_2329.txt,person_2329
note_2330.txt,person_2330
note_2331.txt,person_2331
note_2332.txt,person_2332
note_2333.txt,person_2333
note_2334.txt,person_2334
note_2335.txt,person_2335
note_2336.txt,person_2336
note_2337.txt,person_2337
note_2338.txt,person_2338
note_2339.txt,person_2339
note_2340.txt,person_2340
note_2341.txt,person_2341
note_2342.txt,person_2342
note_2343.txt,person_2343
note_2344.txt,person_2344
note_2345.txt,person_2345
note_2346.txt,person_2346
note_2347.txt,person_2347
note_2348.txt,person_2348
note_2349.txt,person_2349
note_2350.txt,person_2350
note_2351.txt,person_2351
note_2352.txt,person_2352
note_2353.txt,person_2353
note_2354.txt,person_2354
note_2355.txt,person_2355
note_2356.txt,person_2356
note_2357.txt,person_2357
note_2358.txt,person_2358
note_2359.txt,person_2359
note_2360.txt,person_2360
note_2361.txt,person_2361
note_2362.txt,person_2362
note_2363.txt,person_2363
note_2364.txt,person_2364
note_2365.txt,person_2365
note_2366.txt,person_2366
note_2367.txt,person_2367
note_2368.txt,person_2368
note_2369.txt,person_2369
note_2370.txt,person_2370
note_2371.txt,person_2371
note_2372.txt,person_2372
note_2373.txt,person_2373
note_2374.txt,person_2374
note_2375.txt,person_2375
note_2376.txt,person_2376
note_2377.txt,person_2377
note_2378.txt,person_2378
note_2379.txt,person_2379
note_2380.txt,person_2380
note_2381.txt,person_2381
note_2382.txt,person_2382
note_2383.txt,person_2383
note_2384.txt,person_2384
note_2385.txt,person_2385
note_2386.txt,person_2386
note_2387.txt,person_2387
note_2388.txt,person_2388
note_2389.txt,person_2389
note_2390.txt,person_2390
note_2391.txt,person_2391
note_2392.txt,person_2392
note_2393.txt,person_2393
note_2394.txt,person_2394
note_2395.txt,person_2395
note_2396.txt,person_2396
note_2397.txt,person_2397
note_2398.txt,person_2398
note_2399.txt,person_2399
note_2400.txt,person_2400
note_2401.txt,person_2401
note_2402.txt,person_2402
note_2403.txt,person_2403
note_2404.txt,person_2404
note_2405.txt,person_2405
note_2406.txt,person_2406
note_2407.txt,person_2407
note_2408.txt,person_2408
note_2409.txt,person_2409
note_2410.txt,person_2410
note_2411.txt,person_2411
note_2412.txt,person_2412
note_2413.txt,person_2413
note_2414.txt,person_2414
note_2415.txt,person_2415
note_2416.txt,person_2416
note_2417.txt,person_2417
note_2418.txt,person_2418
note_2419.txt,person_2419
note_2420.txt,person_2420
note_2421.txt,person_2421
note_2422.txt,person_2422
note_2423.txt,person_2423
note_2424.txt,person_2424
note_2425.txt,person_2425
note_2426.txt,person_2426
note_2427.txt,person_2427
note_2428.txt,person_2428
note_2429.txt,person_2429
note_2430.txt,person_2430
note_2431.txt,person_2431
note_2432.txt,person_2432
note_2433.txt,person_2433
note_2434.txt,person_2434
note_2435.txt,person_2435
note_2436.txt,person_2436
note_2437.txt,person_2437
note_2438.txt,person_2438
note_2439.txt,person_2439
note_2440.txt,person_2440
note_2441.txt,person_2441
note_2442.txt,person_2442
note_2443.txt,person_2443
note_2444.txt,person_2444
note_2445.txt,person_2445
note_2446.txt,person_2446
note_2447.txt,person_2447
note_2448.txt,person_2448
note_2449.txt,person_2449
note_2450.txt,person_2450
note_2451.txt,person_2451
note_2452.txt,person_2452
note_2453.txt,person_2453
note_2454.txt,person_2454
note_2455.txt,person_2455
note_2456.txt,person_2456
note_2457.txt,person_2457
note_2458.txt,person_2458
note_2459.txt,person_2459
note_2460.txt,person_2460
note_2461.txt,person_2461
note_2462.txt,person_2462
note_2463.txt,person_2463
note_2464.txt,person_2464
note_2465.txt,person_2465
note_2466.txt,person_2466
note_2467.txt,person_2467
note_2468.txt,person_2468
note_2469.txt,person_2469
note_2470.txt,person_2470
note_2471.txt,person_2471
note_2472.txt,person_2472
note_2473.txt,person_2473
note_2474.txt,person_2474
note_2475.txt,person_2475
note_2476.txt,person_2476
note_2477.txt,person_2477
note_2478.txt,person_2478
note_2479.txt,person_2479
note_2480.txt,person_2480
note_2481.txt,person_2481
note_2482.txt,person_2482
note_2483.txt,person_2483
note_2484.txt,person_2484
note_2485.txt,person_2485
note_2486.txt,person_2486
note_2487.txt,person_2487
note_2488.txt,person_2488
note_2489.txt,person_2489
note_2490.txt,person_2490
note_2491.txt,person_2491
note_2492.txt,person_2492
note_2493.txt,person_2493
note_2494.txt,person_2494
note_2495.txt,person_2495
note_2496.txt,person_2496
note_2497.txt,person_2497
note_2498.txt,person_2498
note_2499.txt,person_2499
note_2500.txt,person_2500
note_2501.txt,person_2501
note_2502.txt,person_2502
note_2503.txt,person_2503
note_2504.txt,person_2504
note_2505.txt,person_2505
note_2506.txt,person_2506
note_2507.txt,person_2507
note_2508.txt,person_2508
note_2509.txt,person_2509
note_2510.txt,person_2510
note_2511.txt,person_2511
note_2512.txt,person_2512
note_2513.txt,person_2513
note_2514.txt,person_2514
note_2515.txt,person_2515
note_2516.txt,person_2516
note_2517.txt,person_2517
note_2518.txt,person_2518
note_2519.txt,person_2519
note_2520.txt,person_2520
note_2521.txt,person_2521
note_2522.txt,person_2522
note_2523.txt,person_2523
note_2524.txt,person_2524
note_2525.txt,person_2525
note_2526.txt,person_2526
note_2527.txt,person_2527
note_2528.txt,person_2528
note_2529.txt,person_2529
note_2530.txt,person_2530
note_2531.txt,person_2531
note_2532.txt,person_2532
note_2533.txt,person_2533
note_2534.txt,person_2534
note_2535.txt,person_2535
note_2536.txt,person_2536
note_2537.txt,person_2537
note_2538.txt,person_2538
note_2539.txt,person_2539
note_2540.txt,person_2540
note_2541.txt,person_2541
note_2542.txt,person_2542
note_2543.txt,person_2543
note_2544.txt,person_2544
note_2545.txt,person_2545
note_2546.txt,person_2546
note_2547.txt,person_2547
note_2548.txt,person_2548
note_2549.txt,person_2549
note_2550.txt,person_2550
note_2551.txt,person_2551
note_2552.txt,person_2552
note_2553.txt,person_2553
note_2554.txt,person_2554
note_2555.txt,person_2555
note_2556.txt,person_2556
note_2557.txt,person_2557
note_2558.txt,person_2558
note_2559.txt,person_2559
note_2560.txt,person_2560
note_2561.txt,person_2561
note_2562.txt,person_2562
note_2563.txt,person_2563
note_2564.txt,person_2564
note_2565.txt,person_2565
note_2566.txt,person_2566
note_2567.txt,person_2567
note_2568.txt,person_2568
note_2569.txt,person_2569
note_2570.txt,person_2570
note_2571.txt,person_2571
note_2572.txt,person_2572
note_2573.txt,person_2573
note_2574.txt,person_2574
note_2575.txt,person_2575
note_2576.txt,person_2576
note_2577.txt,person_2577
note_2578.txt,person_2578
note_2579.txt,person_2579
note_2580.txt,person_2580
note_2581.txt,person_2581
note_2582.txt,person_2582
note_2583.txt,person_2583
note_2584.txt,person_2584
note_2585.txt,person_2585
note_2586.txt,person_2586
note_2587.txt,person_2587
note_2588.txt,person_2588
note_2589.txt,person_2589
note_2590.txt,person_2590
note_2591.txt,person_2591
note_2592.txt,person_2592
note_2593.txt,person_2593
note_2594.txt,person_2594
note_2595.txt,person_2595
note_2596.txt,person_2596
note_2597.txt,person_2597
note_2598.txt,person_2598
note_2599.txt,person_2599
note_2600.txt,person_2600
note_2601.txt,person_2601
note_2602.txt,person_2602
note_2603.txt,person_2603
note_2604.txt,person_2604
note_2605.txt,person_2605
note_2606.txt,person_2606
note_2607.txt,person_2607
note_2608.txt,person_2608
note_2609.txt,person_2609
note_2610.txt,person_2610
note_2611.txt,person_2611
note_2612.txt,person_2612
note_2613.txt,person_2613
note_2614.txt,person_2614
note_2615.txt,person_2615
note_2616.txt,person_2616
note_2617.txt,person_2617
note_2618.txt,person_2618
note_2619.txt,person_2619
note_2620.txt,person_2620
note_2621.txt,person_2621
note_2622.txt,person_2622
note_2623.txt,person_2623
note_2624.txt,person_2624
note_2625.txt,person_2625
note_2626.txt,person_2626
note_2627.txt,person_2627
note_2628.txt,person_2628
note_2629.txt,person_2629
note_2630.txt,person_2630
note_2631.txt,person_2631
note_2632.txt,person_2632
note_2633.txt,person_2633
note_2634.txt,person_2634
note_2635.txt,person_2635
note_2636.txt,person_2636
note_2637.txt,person_2637
note_2638.txt,person_2638
note_2639.txt,person_2639
note_2640.txt,person_2640
note_2641.txt,person_2641
note_2642.txt,person_2642
note_2643.txt,person_2643
note_2644.txt,person_2644
note_2645.txt,person_2645
note_2646.txt,person_2646
note_2647.txt,person_2647
note_2648.txt,person_2648
note_2649.txt,person_2649
note_2650.txt,person_2650
note_2651.txt,person_2651
note_2652.txt,person_2652
note_2653.txt,person_2653
note_2654.txt,person_2654
note_2655.txt,person_2655
note_2656.txt,person_2656
note_2657.txt,person_2657
note_2658.txt,person_2658
note_2659.txt,person_2659
note_2660.txt,person_2660
note_2661.txt,person_2661
note_2662.txt,person_2662
note_2663.txt,person_2663
note_2664.txt,person_2664
note_2665.txt,person_2665
note_2666.txt,person_2666
note_2667.txt,person_2667
note_2668.txt,person_2668
note_2669.txt,person_2669
note_2670.txt,person_2670
note_2671.txt,person_2671
note_2672.txt,person_2672
note_2673.txt,person_2673
note_2674.txt,person_2674
note_2675.txt,person_2675
note_2676.txt,person_2676
note_2677.txt,person_2677
note_2678.txt,person_2678
note_2679.txt,person_2679
note_2680.txt,person_2680
note_2681.txt,person_2681
note_2682.txt,person_2682
note_2683.txt,person_2683
note_2684.txt,person_2684
note_2685.txt,person_2685
note_2686.txt,person_2686
note_2687.txt,person_2687
note_2688.txt,person_2688
note_2689.txt,person_2689
note_2690.txt,person_2690
note_2691.txt,person_2691
note_2692.txt,person_2692
note_2693.txt,person_2693
note_2694.txt,person_2694
note_2695.txt,person_2695
note_2696.txt,person_2696
note_2697.txt,person_2697
note_2698.txt,person_2698
note_2699.txt,person_2699
note_2700.txt,person_2700
note_2701.txt,person_2701
note_2702.txt,person_2702
note_2703.txt,person_2703
note_2704.txt,person_2704
note_2705.txt,person_2705
note_2706.txt,person_2706
note_2707.txt,person_2707
note_2708.txt,person_2708
note_2709.txt,person_2709
note_2710.txt,person_2710
note_2711.txt,person_2711
note_2712.txt,person_2712
note_2713.txt,person_2713
note_2714.txt,person_2714
note_2715.txt,person_2715
note_2716.txt,person_2716
note_2717.txt,person_2717
note_2718.txt,person_2718
note_2719.txt,person_2719
note_2720.txt,person_2720
note_2721.txt,person_2721
note_2722.txt,person_2722
note_2723.txt,person_2723
note_2724.txt,person_2724
note_2725.txt,person_2725
note_2726.txt,person_2726
note_2727.txt,person_2727
note_2728.txt,person_2728
note_2729.txt,person_2729
note_2730.txt,person_2730
note_2731.txt,person_2731
note_2732.txt,person_2732
note_2733.txt,person_2733
note_2734.txt,person_2734
note_2735.txt,person_2735
note_2736.txt,person_2736
note_2737.txt,person_2737
note_2738.txt,person_2738
note_2739.txt,person_2739
note_2740.txt,person_2740
note_2741.txt,person_2741
note_2742.txt,person_2742
note_2743.txt,person_2743
note_2744.txt,person_2744
note_2745.txt,person_2745
note_2746.txt,person_2746
note_2747.txt,person_2747
note_2748.txt,person_2748
note_2749.txt,person_2749
note_2750.txt,person_2750
note_2751.txt,person_2751
note_2752.txt,person_2752
note_2753.txt,person_2753
note_2754.txt,person_2754
note_2755.txt,person_2755
note_2756.txt,person_2756
note_2757.txt,person_2757
note_2758.txt,person_2758
note_2759.txt,person_2759
note_2760.txt,person_2760
note_2761.txt,person_2761
note_2762.txt,person_2762
note_2763.txt,person_2763
note_2764.txt,person_2764
note_2765.txt,person_2765
note_2766.txt,person_2766
note_2767.txt,person_2767
note_2768.txt,person_2768
note_2769.txt,person_2769
note_2770.txt,person_2770
note_2771.txt,person_2771
note_2772.txt,person_2772
note_2773.txt,person_2773
note_2774.txt,person_2774
note_2775.txt,person_2775
note_2776.txt,person_2776
note_2777.txt,person_2777
note_2778.txt,person_2778
note_2779.txt,person_2779
note_2780.txt,person_2780
note_2781.txt,person_2781
note_2782.txt,person_2782
note_2783.txt,person_2783
note_2784.txt,person_2784
note_2785.txt,person_2785
note_2786.txt,person_2786
note_2787.txt,person_2787
note_2788.txt,person_2788
note_2789.txt,person_2789
note_2790.txt,person_2790
note_2791.txt,person_2791
note_2792.txt,person_2792
note_2793.txt,person_2793
note_2794.txt,person_2794
note_2795.txt,person_2795
note_2796.txt,person_2796
note_2797.txt,person_2797
note_2798.txt,person_2798
note_2799.txt,person_2799
note_2800.txt,person_2800
note_2801.txt,person_2801
note_2802.txt,person_2802
note_2803.txt,person_2803
note_2804.txt,person_2804
note_2805.txt,person_2805
note_2806.txt,person_2806
note_2807.txt,person_2807
note_2808.txt,person_2808
note_2809.txt,person_2809
note_2810.txt,person_2810
note_2811.txt,person_2811
note_2812.txt,person_2812
note_2813.txt,person_2813
note_2814.txt,person_2814
note_2815.txt,person_2815
note_2816.txt,person_2816
note_2817.txt,person_2817
note_2818.txt,person_2818
note_2819.txt,person_2819
note_2820.txt,person_2820
note_2821.txt,person_2821
note_2822.txt,person_2822
note_2823.txt,person_2823
note_2824.txt,person_2824
note_2825.txt,person_2825
note_2826.txt,person_2826
note_2827.txt,person_2827
note_2828.txt,person_2828
note_2829.txt,person_2829
note_2830.txt,person_2830
note_2831.txt,person_2831
note_2832.txt,person_2832
note_2833.txt,person_2833
note_2834.txt,person_2834
note_2835.txt,person_2835
note_2836.txt,person_2836
note_2837.txt,person_2837
note_2838.txt,person_2838
note_2839.txt,person_2839
note_2840.txt,person_2840
note_2841.txt,person_2841
note_2842.txt,person_2842
note_2843.txt,person_2843
note_2844.txt,person_2844
note_2845.txt,person_2845
note_2846.txt,person_2846
note_2847.txt,person_2847
note_2848.txt,person_2848
note_2849.txt,person_2849
note_2850.txt,person_2850
note_2851.txt,person_2851
note_2852.txt,person_2852
note_2853.txt,person_2853
note_2854.txt,person_2854
note_2855.txt,person_2855
note_2856.txt,person_2856
note_2857.txt,person_2857
note_2858.txt,person_2858
note_2859.txt,person_2859
note_2860.txt,person_2860
note_2861.txt,person_2861
note_2862.txt,person_2862
note_2863.txt,person_2863
note_2864.txt,person_2864
note_2865.txt,person_2865
note_2866.txt,person_2866
note_2867.txt,person_2867
note_2868.txt,person_2868
note_2869.txt,person_2869
note_2870.txt,person_2870
note_2871.txt,person_2871
note_2872.txt,person_2872
note_2873.txt,person_2873
note_2874.txt,person_2874
note_2875.txt,person_2875
note_2876.txt,person_2876
note_2877.txt,person_2877
note_2878.txt,person_2878
note_2879.txt,person_2879
note_2880.txt,person_2880
note_2881.txt,person_2881
note_2882.txt,person_2882
note_2883.txt,person_2883
note_2884.txt,person_2884
note_2885.txt,person_2885
note_2886.txt,person_2886
note_2887.txt,person_2887
note_2888.txt,person_2888
note_2889.txt,person_2889
note_2890.txt,person_2890
note_2891.txt,person_2891
note_2892.txt,person_2892
note_2893.txt,person_2893
note_2894.txt,person_2894
note_2895.txt,person_2895
note_2896.txt,person_2896
note_2897.txt,person_2897
note_2898.txt,person_2898
note_2899.txt,person_2899
note_2900.txt,person_2900
note_2901.txt,person_2901
note_2902.txt,person_2902
note_2903.txt,person_2903
note_2904.txt,person_2904
note_2905.txt,person_2905
note_2906.txt,person_2906
note_2907.txt,person_2907
note_2908.txt,person_2908
note_2909.txt,person_2909
note_2910.txt,person_2910
note_2911.txt,person_2911
note_2912.txt,person_2912
note_2913.txt,person_2913
note_2914.txt,person_2914
note_2915.txt,person_2915
note_2916.txt,person_2916
note_2917.txt,person_2917
note_2918.txt,person_2918
note_2919.txt,person_2919
note_2920.txt,person_2920
note_2921.txt,person_2921
note_2922.txt,person_2922
note_2923.txt,person_2923
note_2924.txt,person_2924
note_2925.txt,person_2925
note_2926.txt,person_2926
note_2927.txt,person_2927
note_2928.txt,person_2928
note_2929.txt,person_2929
note_2930.txt,person_2930
note_2931.txt,person_2931
note_2932.txt,person_2932
note_2933.txt,person_2933
note_2934.txt,person_2934
note_2935.txt,person_2935
note_2936.txt,person_2936
note_2937.txt,person_2937
note_2938.txt,person_2938
note_2939.txt,person_2939
note_2940.txt,person_2940
note_2941.txt,person_2941
note_2942.txt,person_2942
note_2943.txt,person_2943
note_2944.txt,person_2944
note_2945.txt,person_2945
note_2946.txt,person_2946
note_2947.txt,person_2947
note_2948.txt,person_2948
note_2949.txt,person_2949
note_2950.txt,person_2950
note_2951.txt,person_2951
note_2952.txt,person_2952
note_2953.txt,person_2953
note_2954.txt,person_2954
note_2955.txt,person_2955
note_2956.txt,person_2956
note_2957.txt,person_2957
note_2958.txt,person_2958
note_2959.txt,person_2959
note_2960.txt,person_2960
note_2961.txt,person_2961
note_2962.txt,person_2962
note_2963.txt,person_2963
note_2964.txt,person_2964
note_2965.txt,person_2965
note_2966.txt,person_2966
note_2967.txt,person_2967
note_2968.txt,person_2968
note_2969.txt,person_2969
note_2970.txt,person_2970
note_2971.txt,person_2971
note_2972.txt,person_2972
note_2973.txt,person_2973
note_2974.txt,person_2974
note_2975.txt,person_2975
note_2976.txt,person_2976
note_2977.txt,person_2977
note_2978.txt,person_2978
note_2979.txt,person_2979
note_2980.txt,person_2980
note_2981.txt,person_2981
note_2982.txt,person_2982
note_2983.txt,person_2983
note_2984.txt,person_2984
note_2985.txt,person_2985
note_2986.txt,person_2986
note_2987.txt,person_2987
note_2988.txt,person_2988
note_2989.txt,person_2989
note_2990.txt,person_2990
note_2991.txt,person_2991
note_2992.txt,person_2992
note_2993.txt,person_2993
note_2994.txt,person_2994
note_2995.txt,person_2995
note_2996.txt,person_2996
note_2997.txt,person_2997
note_2998.txt,person_2998
note_2999.txt,person_2999
note_3000.txt,person_3000
note_3001.txt,person_3001
note_3002.txt,person_3002
note_3003.txt,person_3003
note_3004.txt,person_3004
note_3005.txt,person_3005
note_3006.txt,person_3006
note_3007.txt,person_3007
note_3008.txt,person_3008
note_3009.txt,person_3009
note_3010.txt,person_3010
note_3011.txt,person_3011
note_3012.txt,person_3012
note_3013.txt,person_3013
note_3014.txt,person_3014
note_3015.txt,person_3015
note_3016.txt,person_3016
note_3017.txt,person_3017
note_3018.txt,person_3018
note_3019.txt,person_3019
note_3020.txt,person_3020
note_3021.txt,person_3021
note_3022.txt,person_3022
note_3023.txt,person_3023
note_3024.txt,person_3024
note_3025.txt,person_3025
note_3026.txt,person_3026
note_3027.txt,person_3027
note_3028.txt,person_3028
note_3029.txt,person_3029
note_3030.txt,person_3030
note_3031.txt,person_3031
note_3032.txt,person_3032
note_3033.txt,person_3033
note_3034.txt,person_3034
note_3035.txt,person_3035
note_3036.txt,person_3036
note_3037.txt,person_3037
note_3038.txt,person_3038
note_3039.txt,person_3039
note_3040.txt,person_3040
note_3041.txt,person_3041
note_3042.txt,person_3042
note_3043.txt,person_3043
note_3044.txt,person_3044
note_3045.txt,person_3045
note_3046.txt,person_3046
note_3047.txt,person_3047
note_3048.txt,person_3048
note_3049.txt,person_3049
note_3050.txt,person_3050
note_3051.txt,person_3051
note_3052.txt,person_3052
note_3053.txt,person_3053
note_3054.txt,person_3054
note_3055.txt,person_3055
note_3056.txt,person_3056
note_3057.txt,person_3057
note_3058.txt,person_3058
note_3059.txt,person_3059
note_3060.txt,person_3060
note_3061.txt,person_3061
note_3062.txt,person_3062
note_3063.txt,person_3063
note_3064.txt,person_3064
note_3065.txt,person_3065
note_3066.txt,person_3066
note_3067.txt,person_3067
note_3068.txt,person_3068
note_3069.txt,person_3069
note_3070.txt,person_3070
note_3071.txt,person_3071
note_3072.txt,person_3072
note_3073.txt,person_3073
note_3074.txt,person_3074
note_3075.txt,person_3075
note_3076.txt,person_3076
note_3077.txt,person_3077
note_3078.txt,person_3078
note_3079.txt,person_3079
note_3080.txt,person_3080
note_3081.txt,person_3081
note_3082.txt,person_3082
note_3083.txt,person_3083
note_3084.txt,person_3084
note_3085.txt,person_3085
note_3086.txt,person_3086
note_3087.txt,person_3087
note_3088.txt,person_3088
note_3089.txt,person_3089
note_3090.txt,person_3090
note_3091.txt,person_3091
note_3092.txt,person_3092
note_3093.txt,person_3093
note_3094.txt,person_3094
note_3095.txt,person_3095
note_3096.txt,person_3096
note_3097.txt,person_3097
note_3098.txt,person_3098
note_3099.txt,person_3099
note_3100.txt,person_3100
note_3101.txt,person_3101
note_3102.txt,person_3102
note_3103.txt,person_3103
note_3104.txt,person_3104
note_3105.txt,person_3105
note_3106.txt,person_3106
note_3107.txt,person_3107
note_3108.txt,person_3108
note_3109.txt,person_3109
note_3110.txt,person_3110
note_3111.txt,person_3111
note_3112.txt,person_3112
note_3113.txt,person_3113
note_3114.txt,person_3114
note_3115.txt,person_3115
note_3116.txt,person_3116
note_3117.txt,person_3117
note_3118.txt,person_3118
note_3119.txt,person_3119
note_3120.txt,person_3120
note_3121.txt,person_3121
note_3122.txt,person_3122
note_3123.txt,person_3123
note_3124.txt,person_3124
note_3125.txt,person_3125
note_3126.txt,person_3126
note_3127.txt,person_3127
note_3128.txt,person_3128
note_3129.txt,person_3129
note_3130.txt,person_3130
note_3131.txt,person_3131
note_3132.txt,person_3132
note_3133.txt,person_3133
note_3134.txt,person_3134
note_3135.txt,person_3135
note_3136.txt,person_3136
note_3137.txt,person_3137
note_3138.txt,person_3138
note_3139.txt,person_3139
note_3140.txt,person_3140
note_3141.txt,person_3141
note_3142.txt,person_3142
note_3143.txt,person_3143
note_3144.txt,person_3144
note_3145.txt,person_3145
note_3146.txt,person_3146
note_3147.txt,person_3147
note_3148.txt,person_3148
note_3149.txt,person_3149
note_3150.txt,person_3150
note_3151.txt,person_3151
note_3152.txt,person_3152
note_3153.txt,person_3153
note_3154.txt,person_3154
note_3155.txt,person_3155
note_3156.txt,person_3156
note_3157.txt,person_3157
note_3158.txt,person_3158
note_3159.txt,person_3159
note_3160.txt,person_3160
note_3161.txt,person_3161
note_3162.txt,person_3162
note_3163.txt,person_3163
note_3164.txt,person_3164
note_3165.txt,person_3165
note_3166.txt,person_3166
note_3167.txt,person_3167
note_3168.txt,person_3168
note_3169.txt,person_3169
note_3170.txt,person_3170
note_3171.txt,person_3171
note_3172.txt,person_3172
note_3173.txt,person_3173
note_3174.txt,person_3174
note_3175.txt,person_3175
note_3176.txt,person_3176
note_3177.txt,person_3177
note_3178.txt,person_3178
note_3179.txt,person_3179
note_3180.txt,person_3180
note_3181.txt,person_3181
note_3182.txt,person_3182
note_3183.txt,person_3183
note_3184.txt,person_3184
note_3185.txt,person_3185
note_3186.txt,person_3186
note_3187.txt,person_3187
note_3188.txt,person_3188
note_3189.txt,person_3189
note_3190.txt,person_3190
note_3191.txt,person_3191
note_3192.txt,person_3192
note_3193.txt,person_3193
note_3194.txt,person_3194
note_3195.txt,person_3195
note_3196.txt,person_3196
note_3197.txt,person_3197
note_3198.txt,person_3198
note_3199.txt,person_3199
note_3200.txt,person_3200
note_3201.txt,person_3201
note_3202.txt,person_3202
note_3203.txt,person_3203
note_3204.txt,person_3204
note_3205.txt,person_3205
note_3206.txt,person_3206
note_3207.txt,person_3207
note_3208.txt,person_3208
note_3209.txt,person_3209
note_3210.txt,person_3210
note_3211.txt,person_3211
note_3212.txt,person_3212
note_3213.txt,person_3213
note_3214.txt,person_3214
note_3215.txt,person_3215
note_3216.txt,person_3216
note_3217.txt,person_3217
note_3218.txt,person_3218
note_3219.txt,person_3219
note_3220.txt,person_3220
note_3221.txt,person_3221
note_3222.txt,person_3222
note_3223.txt,person_3223
note_3224.txt,person_3224
note_3225.txt,person_3225
note_3226.txt,person_3226
note_3227.txt,person_3227
note_3228.txt,person_3228
note_3229.txt,person_3229
note_3230.txt,person_3230
note_3231.txt,person_3231
note_3232.txt,person_3232
note_3233.txt,person_3233
note_3234.txt,person_3234
note_3235.txt,person_3235
note_3236.txt,person_3236
note_3237.txt,person_3237
note_3238.txt,person_3238
note_3239.txt,person_3239
note_3240.txt,person_3240
note_3241.txt,person_3241
note_3242.txt,person_3242
note_3243.txt,person_3243
note_3244.txt,person_3244
note_3245.txt,person_3245
note_3246.txt,person_3246
note_3247.txt,person_3247
note_3248.txt,person_3248
note_3249.txt,person_3249
note_3250.txt,person_3250
note_3251.txt,person_3251
note_3252.txt,person_3252
note_3253.txt,person_3253
note_3254.txt,person_3254
note_3255.txt,person_3255
note_3256.txt,person_3256
note_3257.txt,person_3257
note_3258.txt,person_3258
note_3259.txt,person_3259
note_3260.txt,person_3260
note_3261.txt,person_3261
note_3262.txt,person_3262
note_3263.txt,person_3263
note_3264.txt,person_3264
note_3265.txt,person_3265
note_3266.txt,person_3266
note_3267.txt,person_3267
note_3268.txt,person_3268
note_3269.txt,person_3269
note_3270.txt,person_3270
note_3271.txt,person_3271
note_3272.txt,person_3272
note_3273.txt,person_3273
note_3274.txt,person_3274
note_3275.txt,person_3275
note_3276.txt,person_3276
note_3277.txt,person_3277
note_3278.txt,person_3278
note_3279.txt,person_3279
note_3280.txt,person_3280
note_3281.txt,person_3281
note_3282.txt,person_3282
note_3283.txt,person_3283
note_3284.txt,person_3284
note_3285.txt,person_3285
note_3286.txt,person_3286
note_3287.txt,person_3287
note_3288.txt,person_3288
note_3289.txt,person_3289
note_3290.txt,person_3290
note_3291.txt,person_3291
note_3292.txt,person_3292
note_3293.txt,person_3293
note_3294.txt,person_3294
note_3295.txt,person_3295
note_3296.txt,person_3296
note_3297.txt,person_3297
note_3298.txt,person_3298
note_3299.txt,person_3299
note_3300.txt,person_3300
note_3301.txt,person_3301
note_3302.txt,person_3302
note_3303.txt,person_3303
note_3304.txt,person_3304
note_3305.txt,person_3305
note_3306.txt,person_3306
note_3307.txt,person_3307
note_3308.txt,person_3308
note_3309.txt,person_3309
note_3310.txt,person_3310
note_3311.txt,person_3311
note_3312.txt,person_3312
note_3313.txt,person_3313
note_3314.txt,person_3314
note_3315.txt,person_3315
note_3316.txt,person_3316
note_3317.txt,person_3317
note_3318.txt,person_3318
note_3319.txt,person_3319
note_3320.txt,person_3320
note_3321.txt,person_3321
note_3322.txt,person_3322
note_3323.txt,person_3323
note_3324.txt,person_3324
note_3325.txt,person_3325
note_3326.txt,person_3326
note_3327.txt,person_3327
note_3328.txt,person_3328
note_3329.txt,person_3329
note_3330.txt,person_3330
note_3331.txt,person_3331
note_3332.txt,person_3332
note_3333.txt,person_3333
note_3334.txt,person_3334
note_3335.txt,person_3335
note_3336.txt,person_3336
note_3337.txt,person_3337
note_3338.txt,person_3338
note_3339.txt,person_3339
note_3340.txt,person_3340
note_3341.txt,person_3341
note_3342.txt,person_3342
note_3343.txt,person_3343
note_3344.txt,person_3344
note_3345.txt,person_3345
note_3346.txt,person_3346
note_3347.txt,person_3347
note_3348.txt,person_3348
note_3349.txt,person_3349
note_3350.txt,person_3350
note_3351.txt,person_3351
note_3352.txt,person_3352
note_3353.txt,person_3353
note_3354.txt,person_3354
note_3355.txt,person_3355
note_3356.txt,person_3356
note_3357.txt,person_3357
note_3358.txt,person_3358
note_3359.txt,person_3359
note_3360.txt,person_3360
note_3361.txt,person_3361
note_3362.txt,person_3362
note_3363.txt,person_3363
note_3364.txt,person_3364
note_3365.txt,person_3365
note_3366.txt,person_3366
note_3367.txt,person_3367
note_3368.txt,person_3368
note_3369.txt,person_3369
note_3370.txt,person_3370
note_3371.txt,person_3371
note_3372.txt,person_3372
note_3373.txt,person_3373
note_3374.txt,person_3374
note_3375.txt,person_3375
note_3376.txt,person_3376
note_3377.txt,person_3377
note_3378.txt,person_3378
note_3379.txt,person_3379
note_3380.txt,person_3380
note_3381.txt,person_3381
note_3382.txt,person_3382
note_3383.txt,person_3383
note_3384.txt,person_3384
note_3385.txt,person_3385
note_3386.txt,person_3386
note_3387.txt,person_3387
note_3388.txt,person_3388
note_3389.txt,person_3389
note_3390.txt,person_3390
note_3391.txt,person_3391
note_3392.txt,person_3392
note_3393.txt,person_3393
note_3394.txt,person_3394
note_3395.txt,person_3395
note_3396.txt,person_3396
note_3397.txt,person_3397
note_3398.txt,person_3398
note_3399.txt,person_3399
note_3400.txt,person_3400
note_3401.txt,person_3401
note_3402.txt,person_3402
note_3403.txt,person_3403
note_3404.txt,person_3404
note_3405.txt,person_3405
note_3406.txt,person_3406
note_3407.txt,person_3407
note_3408.txt,person_3408
note_3409.txt,person_3409
note_3410.txt,person_3410
note_3411.txt,person_3411
note_3412.txt,person_3412
note_3413.txt,person_3413
note_3414.txt,person_3414
note_3415.txt,person_3415
note_3416.txt,person_3416
note_3417.txt,person_3417
note_3418.txt,person_3418
note_3419.txt,person_3419
note_3420.txt,person_3420
note_3421.txt,person_3421
note_3422.txt,person_3422
note_3423.txt,person_3423
note_3424.txt,person_3424
note_3425.txt,person_3425
note_3426.txt,person_3426
note_3427.txt,person_3427
note_3428.txt,person_3428
note_3429.txt,person_3429
note_3430.txt,person_3430
note_3431.txt,person_3431
note_3432.txt,person_3432
note_3433.txt,person_3433
note_3434.txt,person_3434
note_3435.txt,person_3435
note_3436.txt,person_3436
note_3437.txt,person_3437
note_3438.txt,person_3438
note_3439.txt,person_3439
note_3440.txt,person_3440
note_3441.txt,person_3441
note_3442.txt,person_3442
note_3443.txt,person_3443
note_3444.txt,person_3444
note_3445.txt,person_3445
note_3446.txt,person_3446
note_3447.txt,person_3447
note_3448.txt,person_3448
note_3449.txt,person_3449
note_3450.txt,person_3450
note_3451.txt,person_3451
note_3452.txt,person_3452
note_3453.txt,person_3453
